date,date_start_time_et,away_team,away_pts,home_team,home_pts,box_score,OT,Notes
Tue Oct 17 2017,8:00 pm,Boston Celtics,,Cleveland Cavaliers,,,,
Tue Oct 17 2017,10:30 pm,Houston Rockets,,Golden State Warriors,,,,
Wed Oct 18 2017,7:30 pm,Milwaukee Bucks,,Boston Celtics,,,,
Wed Oct 18 2017,8:30 pm,Atlanta Hawks,,Dallas Mavericks,,,,
Wed Oct 18 2017,7:00 pm,Charlotte Hornets,,Detroit Pistons,,,,
Wed Oct 18 2017,7:00 pm,Brooklyn Nets,,Indiana Pacers,,,,
Wed Oct 18 2017,8:00 pm,New Orleans Pelicans,,Memphis Grizzlies,,,,
Wed Oct 18 2017,7:00 pm,Miami Heat,,Orlando Magic,,,,
Wed Oct 18 2017,10:00 pm,Portland Trail Blazers,,Phoenix Suns,,,,
Wed Oct 18 2017,10:00 pm,Houston Rockets,,Sacramento Kings,,,,
Wed Oct 18 2017,9:30 pm,Minnesota Timberwolves,,San Antonio Spurs,,,,
Wed Oct 18 2017,9:00 pm,Denver Nuggets,,Utah Jazz,,,,
Wed Oct 18 2017,7:00 pm,Philadelphia 76ers,,Washington Wizards,,,,
Thu Oct 19 2017,10:30 pm,Los Angeles Clippers,,Los Angeles Lakers,,,,
Thu Oct 19 2017,8:00 pm,New York Knicks,,Oklahoma City Thunder,,,,
Thu Oct 19 2017,7:30 pm,Chicago Bulls,,Toronto Raptors,,,,
Fri Oct 20 2017,7:30 pm,Orlando Magic,,Brooklyn Nets,,,,
Fri Oct 20 2017,7:00 pm,Atlanta Hawks,,Charlotte Hornets,,,,
Fri Oct 20 2017,8:30 pm,Sacramento Kings,,Dallas Mavericks,,,,
Fri Oct 20 2017,7:00 pm,Portland Trail Blazers,,Indiana Pacers,,,,
Fri Oct 20 2017,7:00 pm,Cleveland Cavaliers,,Milwaukee Bucks,,,,
Fri Oct 20 2017,8:00 pm,Utah Jazz,,Minnesota Timberwolves,,,,
Fri Oct 20 2017,9:30 pm,Golden State Warriors,,New Orleans Pelicans,,,,
Fri Oct 20 2017,7:00 pm,Boston Celtics,,Philadelphia 76ers,,,,
Fri Oct 20 2017,10:00 pm,Los Angeles Lakers,,Phoenix Suns,,,,
Fri Oct 20 2017,7:00 pm,Detroit Pistons,,Washington Wizards,,,,
Sat Oct 21 2017,8:00 pm,San Antonio Spurs,,Chicago Bulls,,,,
Sat Oct 21 2017,8:00 pm,Orlando Magic,,Cleveland Cavaliers,,,,
Sat Oct 21 2017,9:00 pm,Sacramento Kings,,Denver Nuggets,,,,
Sat Oct 21 2017,8:00 pm,Dallas Mavericks,,Houston Rockets,,,,
Sat Oct 21 2017,10:30 pm,Phoenix Suns,,Los Angeles Clippers,,,,
Sat Oct 21 2017,8:00 pm,Golden State Warriors,,Memphis Grizzlies,,,,
Sat Oct 21 2017,8:00 pm,Indiana Pacers,,Miami Heat,,,,
Sat Oct 21 2017,8:30 pm,Portland Trail Blazers,,Milwaukee Bucks,,,,
Sat Oct 21 2017,8:00 pm,Detroit Pistons,,New York Knicks,,,,
Sat Oct 21 2017,7:30 pm,Philadelphia 76ers,,Toronto Raptors,,,,
Sat Oct 21 2017,9:00 pm,Oklahoma City Thunder,,Utah Jazz,,,,
Sun Oct 22 2017,3:30 pm,Atlanta Hawks,,Brooklyn Nets,,,,
Sun Oct 22 2017,9:30 pm,New Orleans Pelicans,,Los Angeles Lakers,,,,
Sun Oct 22 2017,7:00 pm,Minnesota Timberwolves,,Oklahoma City Thunder,,,,
Mon Oct 23 2017,8:30 pm,Golden State Warriors,,Dallas Mavericks,,,,
Mon Oct 23 2017,9:00 pm,Washington Wizards,,Denver Nuggets,,,,
Mon Oct 23 2017,7:00 pm,Philadelphia 76ers,,Detroit Pistons,,,,
Mon Oct 23 2017,8:00 pm,Memphis Grizzlies,,Houston Rockets,,,,
Mon Oct 23 2017,7:30 pm,Atlanta Hawks,,Miami Heat,,,,
Mon Oct 23 2017,8:00 pm,Charlotte Hornets,,Milwaukee Bucks,,,,
Mon Oct 23 2017,10:00 pm,Sacramento Kings,,Phoenix Suns,,,,
Mon Oct 23 2017,8:30 pm,Toronto Raptors,,San Antonio Spurs,,,,
Tue Oct 24 2017,7:30 pm,New York Knicks,,Boston Celtics,,,,
Tue Oct 24 2017,7:00 pm,Chicago Bulls,,Cleveland Cavaliers,,,,
Tue Oct 24 2017,10:30 pm,Utah Jazz,,Los Angeles Clippers,,,,
Tue Oct 24 2017,8:00 pm,Indiana Pacers,,Minnesota Timberwolves,,,,
Tue Oct 24 2017,7:00 pm,Brooklyn Nets,,Orlando Magic,,,,
Tue Oct 24 2017,10:00 pm,New Orleans Pelicans,,Portland Trail Blazers,,,,
Wed Oct 25 2017,7:30 pm,Cleveland Cavaliers,,Brooklyn Nets,,,,
Wed Oct 25 2017,7:00 pm,Denver Nuggets,,Charlotte Hornets,,,,
Wed Oct 25 2017,8:30 pm,Memphis Grizzlies,,Dallas Mavericks,,,,
Wed Oct 25 2017,7:00 pm,Minnesota Timberwolves,,Detroit Pistons,,,,
Wed Oct 25 2017,10:30 pm,Toronto Raptors,,Golden State Warriors,,,,
Wed Oct 25 2017,10:30 pm,Washington Wizards,,Los Angeles Lakers,,,,
Wed Oct 25 2017,8:00 pm,San Antonio Spurs,,Miami Heat,,,,
Wed Oct 25 2017,8:00 pm,Indiana Pacers,,Oklahoma City Thunder,,,,
Wed Oct 25 2017,7:00 pm,Houston Rockets,,Philadelphia 76ers,,,,
Wed Oct 25 2017,10:00 pm,Utah Jazz,,Phoenix Suns,,,,
Thu Oct 26 2017,8:00 pm,Atlanta Hawks,,Chicago Bulls,,,,
Thu Oct 26 2017,8:00 pm,Dallas Mavericks,,Memphis Grizzlies,,,,
Thu Oct 26 2017,8:00 pm,Boston Celtics,,Milwaukee Bucks,,,,
Thu Oct 26 2017,10:00 pm,Los Angeles Clippers,,Portland Trail Blazers,,,,
Thu Oct 26 2017,10:30 pm,New Orleans Pelicans,,Sacramento Kings,,,,
Fri Oct 27 2017,7:30 pm,Denver Nuggets,,Atlanta Hawks,,,,
Fri Oct 27 2017,7:00 pm,Houston Rockets,,Charlotte Hornets,,,,
Fri Oct 27 2017,10:30 pm,Washington Wizards,,Golden State Warriors,,,,
Fri Oct 27 2017,10:30 pm,Toronto Raptors,,Los Angeles Lakers,,,,
Fri Oct 27 2017,8:00 pm,Oklahoma City Thunder,,Minnesota Timberwolves,,,,
Fri Oct 27 2017,7:30 pm,Brooklyn Nets,,New York Knicks,,,,
Fri Oct 27 2017,7:00 pm,San Antonio Spurs,,Orlando Magic,,,,
Wed Nov 1 2017,7:30 pm,Sacramento Kings,,Boston Celtics,,,,
Wed Nov 1 2017,7:00 pm,Milwaukee Bucks,,Charlotte Hornets,,,,
Wed Nov 1 2017,7:00 pm,Indiana Pacers,,Cleveland Cavaliers,,,,
Wed Nov 1 2017,9:00 pm,Toronto Raptors,,Denver Nuggets,,,,
Wed Nov 1 2017,10:30 pm,Dallas Mavericks,,Los Angeles Clippers,,,,
Wed Nov 1 2017,8:00 pm,Orlando Magic,,Memphis Grizzlies,,,,
Wed Nov 1 2017,7:30 pm,Chicago Bulls,,Miami Heat,,,,
Wed Nov 1 2017,8:00 pm,Minnesota Timberwolves,,New Orleans Pelicans,,,,
Wed Nov 1 2017,8:00 pm,Houston Rockets,,New York Knicks,,,,
Wed Nov 1 2017,7:00 pm,Atlanta Hawks,,Philadelphia 76ers,,,,
Wed Nov 1 2017,9:00 pm,Portland Trail Blazers,,Utah Jazz,,,,
Wed Nov 1 2017,7:00 pm,Phoenix Suns,,Washington Wizards,,,,
Thu Nov 2 2017,10:30 pm,Los Angeles Lakers,,Portland Trail Blazers,,,,
Thu Nov 2 2017,8:00 pm,Golden State Warriors,,San Antonio Spurs,,,,
Fri Nov 3 2017,7:30 pm,Houston Rockets,,Atlanta Hawks,,,,
Fri Nov 3 2017,8:30 pm,New Orleans Pelicans,,Dallas Mavericks,,,,
Fri Nov 3 2017,9:00 pm,Miami Heat,,Denver Nuggets,,,,
Fri Nov 3 2017,7:00 pm,Milwaukee Bucks,,Detroit Pistons,,,,
Fri Nov 3 2017,10:30 pm,Brooklyn Nets,,Los Angeles Lakers,,,,
Fri Nov 3 2017,7:30 pm,Phoenix Suns,,New York Knicks,,,,
Fri Nov 3 2017,9:30 pm,Boston Celtics,,Oklahoma City Thunder,,,,
Fri Nov 3 2017,7:00 pm,Chicago Bulls,,Orlando Magic,,,,
Fri Nov 3 2017,7:00 pm,Indiana Pacers,,Philadelphia 76ers,,,,
Fri Nov 3 2017,8:30 pm,Charlotte Hornets,,San Antonio Spurs,,,,
Fri Nov 3 2017,9:00 pm,Toronto Raptors,,Utah Jazz,,,,
Fri Nov 3 2017,7:00 pm,Cleveland Cavaliers,,Washington Wizards,,,,
Sat Nov 4 2017,8:00 pm,New Orleans Pelicans,,Chicago Bulls,,,,
Sat Nov 4 2017,9:00 pm,Golden State Warriors,,Denver Nuggets,,,,
Sat Nov 4 2017,7:00 pm,Sacramento Kings,,Detroit Pistons,,,,
Sat Nov 4 2017,3:30 pm,Memphis Grizzlies,,Los Angeles Clippers,,,,
Sat Nov 4 2017,8:00 pm,Dallas Mavericks,,Minnesota Timberwolves,,,,
Sun Nov 5 2017,3:00 pm,Atlanta Hawks,,Cleveland Cavaliers,,,,
Sun Nov 5 2017,7:00 pm,Utah Jazz,,Houston Rockets,,,,
Sun Nov 5 2017,3:30 pm,Miami Heat,,Los Angeles Clippers,,,,
Sun Nov 5 2017,9:30 pm,Memphis Grizzlies,,Los Angeles Lakers,,,,
Sun Nov 5 2017,8:00 pm,Charlotte Hornets,,Minnesota Timberwolves,,,,
Sun Nov 5 2017,7:30 pm,Indiana Pacers,,New York Knicks,,,,
Sun Nov 5 2017,6:00 pm,Boston Celtics,,Orlando Magic,,,,
Sun Nov 5 2017,9:00 pm,Oklahoma City Thunder,,Portland Trail Blazers,,,,
Sun Nov 5 2017,7:00 pm,Phoenix Suns,,San Antonio Spurs,,,,
Sun Nov 5 2017,6:00 pm,Washington Wizards,,Toronto Raptors,,,,
Mon Nov 6 2017,7:30 pm,Boston Celtics,,Atlanta Hawks,,,,
Mon Nov 6 2017,10:30 pm,Miami Heat,,Golden State Warriors,,,,
Mon Nov 6 2017,9:00 pm,Brooklyn Nets,,Phoenix Suns,,,,
Tue Nov 7 2017,7:00 pm,Milwaukee Bucks,,Cleveland Cavaliers,,,,
Tue Nov 7 2017,9:00 pm,Brooklyn Nets,,Denver Nuggets,,,,
Tue Nov 7 2017,7:00 pm,New Orleans Pelicans,,Indiana Pacers,,,,
Tue Nov 7 2017,7:30 pm,Charlotte Hornets,,New York Knicks,,,,
Tue Nov 7 2017,10:00 pm,Memphis Grizzlies,,Portland Trail Blazers,,,,
Tue Nov 7 2017,10:00 pm,Oklahoma City Thunder,,Sacramento Kings,,,,
Tue Nov 7 2017,8:30 pm,Los Angeles Clippers,,San Antonio Spurs,,,,
Tue Nov 7 2017,7:30 pm,Chicago Bulls,,Toronto Raptors,,,,
Tue Nov 7 2017,9:00 pm,Philadelphia 76ers,,Utah Jazz,,,,
Tue Nov 7 2017,7:00 pm,Dallas Mavericks,,Washington Wizards,,,,
Wed Nov 8 2017,8:00 pm,Los Angeles Lakers,,Boston Celtics,,,,
Wed Nov 8 2017,7:00 pm,Indiana Pacers,,Detroit Pistons,,,,
Wed Nov 8 2017,10:30 pm,Minnesota Timberwolves,,Golden State Warriors,,,,
Wed Nov 8 2017,7:00 pm,New York Knicks,,Orlando Magic,,,,
Wed Nov 8 2017,9:00 pm,Miami Heat,,Phoenix Suns,,,,
Thu Nov 9 2017,10:30 pm,Oklahoma City Thunder,,Denver Nuggets,,,,
Thu Nov 9 2017,8:00 pm,Cleveland Cavaliers,,Houston Rockets,,,,
Thu Nov 9 2017,10:00 pm,Philadelphia 76ers,,Sacramento Kings,,,,
Thu Nov 9 2017,7:30 pm,New Orleans Pelicans,,Toronto Raptors,,,,
Thu Nov 9 2017,7:00 pm,Los Angeles Lakers,,Washington Wizards,,,,
Fri Nov 10 2017,7:30 pm,Charlotte Hornets,,Boston Celtics,,,,
Fri Nov 10 2017,8:00 pm,Indiana Pacers,,Chicago Bulls,,,,
Fri Nov 10 2017,7:00 pm,Atlanta Hawks,,Detroit Pistons,,,,
Fri Nov 10 2017,9:00 pm,Los Angeles Clippers,,Oklahoma City Thunder,,,,
Fri Nov 10 2017,9:00 pm,Orlando Magic,,Phoenix Suns,,,,
Fri Nov 10 2017,10:00 pm,Brooklyn Nets,,Portland Trail Blazers,,,,
Fri Nov 10 2017,9:00 pm,Milwaukee Bucks,,San Antonio Spurs,,,,
Fri Nov 10 2017,9:00 pm,Miami Heat,,Utah Jazz,,,,
Sat Nov 11 2017,8:30 pm,Cleveland Cavaliers,,Dallas Mavericks,,,,
Sat Nov 11 2017,9:00 pm,Orlando Magic,,Denver Nuggets,,,,
Sat Nov 11 2017,8:30 pm,Philadelphia 76ers,,Golden State Warriors,,,,
Sat Nov 11 2017,8:00 pm,Memphis Grizzlies,,Houston Rockets,,,,
Sat Nov 11 2017,8:30 pm,Los Angeles Lakers,,Milwaukee Bucks,,,,
Sat Nov 11 2017,7:00 pm,Los Angeles Clippers,,New Orleans Pelicans,,,,
Sat Nov 11 2017,8:00 pm,Sacramento Kings,,New York Knicks,,,,
Sat Nov 11 2017,9:00 pm,Minnesota Timberwolves,,Phoenix Suns,,,,
Sat Nov 11 2017,8:30 pm,Chicago Bulls,,San Antonio Spurs,,,,
Sat Nov 11 2017,9:00 pm,Brooklyn Nets,,Utah Jazz,,,,
Sat Nov 11 2017,7:00 pm,Atlanta Hawks,,Washington Wizards,,,,
Sun Nov 12 2017,3:30 pm,Toronto Raptors,,Boston Celtics,,,,
Sun Nov 12 2017,4:00 pm,Miami Heat,,Detroit Pistons,,,,
Sun Nov 12 2017,6:00 pm,Houston Rockets,,Indiana Pacers,,,,
Sun Nov 12 2017,7:00 pm,Dallas Mavericks,,Oklahoma City Thunder,,,,
Mon Nov 13 2017,10:30 pm,Orlando Magic,,Golden State Warriors,,,,
Mon Nov 13 2017,10:30 pm,Philadelphia 76ers,,Los Angeles Clippers,,,,
Mon Nov 13 2017,8:00 pm,Memphis Grizzlies,,Milwaukee Bucks,,,,
Mon Nov 13 2017,8:00 pm,Atlanta Hawks,,New Orleans Pelicans,,,,
Mon Nov 13 2017,7:30 pm,Cleveland Cavaliers,,New York Knicks,,,,
Mon Nov 13 2017,9:00 pm,Los Angeles Lakers,,Phoenix Suns,,,,
Mon Nov 13 2017,10:00 pm,Denver Nuggets,,Portland Trail Blazers,,,,
Mon Nov 13 2017,9:00 pm,Minnesota Timberwolves,,Utah Jazz,,,,
Mon Nov 13 2017,7:00 pm,Sacramento Kings,,Washington Wizards,,,,
Tue Nov 14 2017,7:30 pm,Boston Celtics,,Brooklyn Nets,,,,
Tue Nov 14 2017,8:30 pm,San Antonio Spurs,,Dallas Mavericks,,,,
Tue Nov 14 2017,8:00 pm,Toronto Raptors,,Houston Rockets,,,,
Wed Nov 15 2017,7:30 pm,Sacramento Kings,,Atlanta Hawks,,,,
Wed Nov 15 2017,8:00 pm,Cleveland Cavaliers,,Charlotte Hornets,,,,
Wed Nov 15 2017,10:30 pm,Philadelphia 76ers,,Los Angeles Lakers,,,,
Wed Nov 15 2017,8:00 pm,Indiana Pacers,,Memphis Grizzlies,,,,
Wed Nov 15 2017,7:30 pm,Washington Wizards,,Miami Heat,,,,
Wed Nov 15 2017,8:00 pm,Detroit Pistons,,Milwaukee Bucks,,,,
Wed Nov 15 2017,8:00 pm,San Antonio Spurs,,Minnesota Timberwolves,,,,
Wed Nov 15 2017,8:00 pm,Toronto Raptors,,New Orleans Pelicans,,,,
Wed Nov 15 2017,7:30 pm,Utah Jazz,,New York Knicks,,,,
Wed Nov 15 2017,8:00 pm,Chicago Bulls,,Oklahoma City Thunder,,,,
Wed Nov 15 2017,10:00 pm,Orlando Magic,,Portland Trail Blazers,,,,
Thu Nov 16 2017,8:00 pm,Golden State Warriors,,Boston Celtics,,,,
Thu Nov 16 2017,10:30 pm,Houston Rockets,,Phoenix Suns,,,,
Fri Nov 17 2017,7:30 pm,Utah Jazz,,Brooklyn Nets,,,,
Fri Nov 17 2017,8:00 pm,Charlotte Hornets,,Chicago Bulls,,,,
Fri Nov 17 2017,7:30 pm,Los Angeles Clippers,,Cleveland Cavaliers,,,,
Fri Nov 17 2017,8:30 pm,Minnesota Timberwolves,,Dallas Mavericks,,,,
Fri Nov 17 2017,10:30 pm,New Orleans Pelicans,,Denver Nuggets,,,,
Fri Nov 17 2017,7:00 pm,Detroit Pistons,,Indiana Pacers,,,,
Fri Nov 17 2017,10:30 pm,Phoenix Suns,,Los Angeles Lakers,,,,
Fri Nov 17 2017,10:00 pm,Portland Trail Blazers,,Sacramento Kings,,,,
Fri Nov 17 2017,8:00 pm,Oklahoma City Thunder,,San Antonio Spurs,,,,
Fri Nov 17 2017,7:30 pm,New York Knicks,,Toronto Raptors,,,,
Fri Nov 17 2017,7:00 pm,Miami Heat,,Washington Wizards,,,,
Sat Nov 18 2017,7:30 pm,Boston Celtics,,Atlanta Hawks,,,,
Sat Nov 18 2017,7:00 pm,Los Angeles Clippers,,Charlotte Hornets,,,,
Sat Nov 18 2017,9:00 pm,Milwaukee Bucks,,Dallas Mavericks,,,,
Sat Nov 18 2017,8:00 pm,Houston Rockets,,Memphis Grizzlies,,,,
Sat Nov 18 2017,7:00 pm,Utah Jazz,,Orlando Magic,,,,
Sat Nov 18 2017,7:30 pm,Golden State Warriors,,Philadelphia 76ers,,,,
Sat Nov 18 2017,10:00 pm,Sacramento Kings,,Portland Trail Blazers,,,,
Sun Nov 19 2017,6:00 pm,Golden State Warriors,,Brooklyn Nets,,,,
Sun Nov 19 2017,9:30 pm,Denver Nuggets,,Los Angeles Lakers,,,,
Sun Nov 19 2017,3:30 pm,Indiana Pacers,,Miami Heat,,,,
Sun Nov 19 2017,7:00 pm,Detroit Pistons,,Minnesota Timberwolves,,,,
Sun Nov 19 2017,8:00 pm,Chicago Bulls,,Phoenix Suns,,,,
Sun Nov 19 2017,6:00 pm,Washington Wizards,,Toronto Raptors,,,,
Mon Nov 20 2017,7:00 pm,Minnesota Timberwolves,,Charlotte Hornets,,,,
Mon Nov 20 2017,8:30 pm,Boston Celtics,,Dallas Mavericks,,,,
Mon Nov 20 2017,7:00 pm,Cleveland Cavaliers,,Detroit Pistons,,,,
Mon Nov 20 2017,8:00 pm,Portland Trail Blazers,,Memphis Grizzlies,,,,
Mon Nov 20 2017,8:00 pm,Washington Wizards,,Milwaukee Bucks,,,,
Mon Nov 20 2017,8:00 pm,Oklahoma City Thunder,,New Orleans Pelicans,,,,
Mon Nov 20 2017,7:30 pm,Los Angeles Clippers,,New York Knicks,,,,
Mon Nov 20 2017,7:00 pm,Indiana Pacers,,Orlando Magic,,,,
Mon Nov 20 2017,7:00 pm,Utah Jazz,,Philadelphia 76ers,,,,
Mon Nov 20 2017,10:00 pm,Denver Nuggets,,Sacramento Kings,,,,
Mon Nov 20 2017,8:30 pm,Atlanta Hawks,,San Antonio Spurs,,,,
Tue Nov 21 2017,10:30 pm,Chicago Bulls,,Los Angeles Lakers,,,,
Wed Nov 22 2017,7:30 pm,Los Angeles Clippers,,Atlanta Hawks,,,,
Wed Nov 22 2017,7:00 pm,Washington Wizards,,Charlotte Hornets,,,,
Wed Nov 22 2017,7:00 pm,Brooklyn Nets,,Cleveland Cavaliers,,,,
Wed Nov 22 2017,8:00 pm,Denver Nuggets,,Houston Rockets,,,,
Wed Nov 22 2017,8:00 pm,Dallas Mavericks,,Memphis Grizzlies,,,,
Wed Nov 22 2017,7:30 pm,Boston Celtics,,Miami Heat,,,,
Wed Nov 22 2017,8:00 pm,Orlando Magic,,Minnesota Timberwolves,,,,
Wed Nov 22 2017,8:00 pm,San Antonio Spurs,,New Orleans Pelicans,,,,
Wed Nov 22 2017,7:30 pm,Toronto Raptors,,New York Knicks,,,,
Wed Nov 22 2017,8:00 pm,Golden State Warriors,,Oklahoma City Thunder,,,,
Wed Nov 22 2017,7:00 pm,Portland Trail Blazers,,Philadelphia 76ers,,,,
Wed Nov 22 2017,9:00 pm,Milwaukee Bucks,,Phoenix Suns,,,,
Wed Nov 22 2017,10:30 pm,Los Angeles Lakers,,Sacramento Kings,,,,
Wed Nov 22 2017,9:00 pm,Chicago Bulls,,Utah Jazz,,,,
Fri Nov 24 2017,7:30 pm,New York Knicks,,Atlanta Hawks,,,,
Fri Nov 24 2017,7:30 pm,Orlando Magic,,Boston Celtics,,,,
Fri Nov 24 2017,12:00 pm,Portland Trail Blazers,,Brooklyn Nets,,,,
Fri Nov 24 2017,8:00 pm,Charlotte Hornets,,Cleveland Cavaliers,,,,
Fri Nov 24 2017,9:00 pm,Memphis Grizzlies,,Denver Nuggets,,,,
Fri Nov 24 2017,10:30 pm,Chicago Bulls,,Golden State Warriors,,,,
Fri Nov 24 2017,8:00 pm,Toronto Raptors,,Indiana Pacers,,,,
Fri Nov 24 2017,8:00 pm,Miami Heat,,Minnesota Timberwolves,,,,
Fri Nov 24 2017,8:00 pm,Detroit Pistons,,Oklahoma City Thunder,,,,
Fri Nov 24 2017,9:00 pm,New Orleans Pelicans,,Phoenix Suns,,,,
Sat Nov 25 2017,7:30 pm,Toronto Raptors,,Atlanta Hawks,,,,
Sat Nov 25 2017,7:00 pm,San Antonio Spurs,,Charlotte Hornets,,,,
Sat Nov 25 2017,8:30 pm,Oklahoma City Thunder,,Dallas Mavericks,,,,
Sat Nov 25 2017,8:30 pm,New Orleans Pelicans,,Golden State Warriors,,,,
Sat Nov 25 2017,8:00 pm,New York Knicks,,Houston Rockets,,,,
Sat Nov 25 2017,8:00 pm,Boston Celtics,,Indiana Pacers,,,,
Sat Nov 25 2017,7:00 pm,Orlando Magic,,Philadelphia 76ers,,,,
Sat Nov 25 2017,10:00 pm,Los Angeles Clippers,,Sacramento Kings,,,,
Sat Nov 25 2017,9:00 pm,Milwaukee Bucks,,Utah Jazz,,,,
Sat Nov 25 2017,7:00 pm,Portland Trail Blazers,,Washington Wizards,,,,
Sun Nov 26 2017,3:30 pm,Miami Heat,,Chicago Bulls,,,,
Sun Nov 26 2017,6:00 pm,Brooklyn Nets,,Memphis Grizzlies,,,,
Sun Nov 26 2017,3:30 pm,Phoenix Suns,,Minnesota Timberwolves,,,,
Mon Nov 27 2017,7:30 pm,Detroit Pistons,,Boston Celtics,,,,
Mon Nov 27 2017,10:30 pm,Sacramento Kings,,Golden State Warriors,,,,
Mon Nov 27 2017,8:00 pm,Brooklyn Nets,,Houston Rockets,,,,
Mon Nov 27 2017,7:00 pm,Orlando Magic,,Indiana Pacers,,,,
Mon Nov 27 2017,10:30 pm,Los Angeles Lakers,,Los Angeles Clippers,,,,
Mon Nov 27 2017,7:30 pm,Portland Trail Blazers,,New York Knicks,,,,
Mon Nov 27 2017,7:00 pm,Cleveland Cavaliers,,Philadelphia 76ers,,,,
Mon Nov 27 2017,8:30 pm,Dallas Mavericks,,San Antonio Spurs,,,,
Tue Nov 28 2017,8:00 pm,Phoenix Suns,,Chicago Bulls,,,,
Tue Nov 28 2017,7:00 pm,Miami Heat,,Cleveland Cavaliers,,,,
Tue Nov 28 2017,8:00 pm,Washington Wizards,,Minnesota Timberwolves,,,,
Tue Nov 28 2017,10:00 pm,Milwaukee Bucks,,Sacramento Kings,,,,
Tue Nov 28 2017,10:00 pm,Denver Nuggets,,Utah Jazz,,,,
Wed Nov 29 2017,8:30 pm,Brooklyn Nets,,Dallas Mavericks,,,,
Wed Nov 29 2017,7:00 pm,Phoenix Suns,,Detroit Pistons,,,,
Wed Nov 29 2017,8:00 pm,Indiana Pacers,,Houston Rockets,,,,
Wed Nov 29 2017,10:30 pm,Golden State Warriors,,Los Angeles Lakers,,,,
Wed Nov 29 2017,8:00 pm,Minnesota Timberwolves,,New Orleans Pelicans,,,,
Wed Nov 29 2017,7:30 pm,Miami Heat,,New York Knicks,,,,
Wed Nov 29 2017,7:00 pm,Oklahoma City Thunder,,Orlando Magic,,,,
Wed Nov 29 2017,7:00 pm,Washington Wizards,,Philadelphia 76ers,,,,
Wed Nov 29 2017,8:30 pm,Memphis Grizzlies,,San Antonio Spurs,,,,
Wed Nov 29 2017,7:30 pm,Charlotte Hornets,,Toronto Raptors,,,,
Thu Nov 30 2017,7:30 pm,Cleveland Cavaliers,,Atlanta Hawks,,,,
Thu Nov 30 2017,7:30 pm,Philadelphia 76ers,,Boston Celtics,,,,
Thu Nov 30 2017,9:00 pm,Chicago Bulls,,Denver Nuggets,,,,
Thu Nov 30 2017,10:30 pm,Utah Jazz,,Los Angeles Clippers,,,,
Thu Nov 30 2017,10:00 pm,Milwaukee Bucks,,Portland Trail Blazers,,,,
Sat Oct 28 2017,8:00 pm,Oklahoma City Thunder,,Chicago Bulls,,,,
Sat Oct 28 2017,8:30 pm,Philadelphia 76ers,,Dallas Mavericks,,,,
Sat Oct 28 2017,10:30 pm,Detroit Pistons,,Los Angeles Clippers,,,,
Sat Oct 28 2017,8:00 pm,Houston Rockets,,Memphis Grizzlies,,,,
Sat Oct 28 2017,8:00 pm,Boston Celtics,,Miami Heat,,,,
Sat Oct 28 2017,7:00 pm,Cleveland Cavaliers,,New Orleans Pelicans,,,,
Sat Oct 28 2017,10:00 pm,Phoenix Suns,,Portland Trail Blazers,,,,
Sat Oct 28 2017,9:00 pm,Los Angeles Lakers,,Utah Jazz,,,,
Sun Oct 29 2017,3:30 pm,Milwaukee Bucks,,Atlanta Hawks,,,,
Sun Oct 29 2017,6:00 pm,Denver Nuggets,,Brooklyn Nets,,,,
Sun Oct 29 2017,6:00 pm,Orlando Magic,,Charlotte Hornets,,,,
Sun Oct 29 2017,7:00 pm,New York Knicks,,Cleveland Cavaliers,,,,
Sun Oct 29 2017,8:30 pm,Detroit Pistons,,Golden State Warriors,,,,
Sun Oct 29 2017,4:30 pm,San Antonio Spurs,,Indiana Pacers,,,,
Sun Oct 29 2017,6:00 pm,Washington Wizards,,Sacramento Kings,,,,
Mon Oct 30 2017,7:30 pm,San Antonio Spurs,,Boston Celtics,,,,
Mon Oct 30 2017,8:00 pm,Philadelphia 76ers,,Houston Rockets,,,,
Mon Oct 30 2017,10:30 pm,Golden State Warriors,,Los Angeles Clippers,,,,
Mon Oct 30 2017,8:00 pm,Charlotte Hornets,,Memphis Grizzlies,,,,
Mon Oct 30 2017,7:30 pm,Minnesota Timberwolves,,Miami Heat,,,,
Mon Oct 30 2017,8:00 pm,Orlando Magic,,New Orleans Pelicans,,,,
Mon Oct 30 2017,7:30 pm,Denver Nuggets,,New York Knicks,,,,
Mon Oct 30 2017,10:00 pm,Toronto Raptors,,Portland Trail Blazers,,,,
Mon Oct 30 2017,9:00 pm,Dallas Mavericks,,Utah Jazz,,,,
Tue Oct 31 2017,7:30 pm,Phoenix Suns,,Brooklyn Nets,,,,
Tue Oct 31 2017,7:00 pm,Sacramento Kings,,Indiana Pacers,,,,
Tue Oct 31 2017,10:30 pm,Detroit Pistons,,Los Angeles Lakers,,,,
Tue Oct 31 2017,8:00 pm,Oklahoma City Thunder,,Milwaukee Bucks,,,,
Fri Dec 1 2017,8:00 pm,Sacramento Kings,,Chicago Bulls,,,,
Fri Dec 1 2017,8:00 pm,San Antonio Spurs,,Memphis Grizzlies,,,,
Fri Dec 1 2017,8:00 pm,Charlotte Hornets,,Miami Heat,,,,
Fri Dec 1 2017,8:00 pm,Minnesota Timberwolves,,Oklahoma City Thunder,,,,
Fri Dec 1 2017,7:00 pm,Golden State Warriors,,Orlando Magic,,,,
Fri Dec 1 2017,7:30 pm,Indiana Pacers,,Toronto Raptors,,,,
Fri Dec 1 2017,9:00 pm,New Orleans Pelicans,,Utah Jazz,,,,
Fri Dec 1 2017,7:00 pm,Detroit Pistons,,Washington Wizards,,,,
Sat Dec 2 2017,1:00 pm,Phoenix Suns,,Boston Celtics,,,,
Sat Dec 2 2017,3:00 pm,Atlanta Hawks,,Brooklyn Nets,,,,
Sat Dec 2 2017,7:30 pm,Memphis Grizzlies,,Cleveland Cavaliers,,,,
Sat Dec 2 2017,2:00 pm,Los Angeles Clippers,,Dallas Mavericks,,,,
Sat Dec 2 2017,9:00 pm,Los Angeles Lakers,,Denver Nuggets,,,,
Sat Dec 2 2017,8:30 pm,Sacramento Kings,,Milwaukee Bucks,,,,
Sat Dec 2 2017,7:30 pm,Detroit Pistons,,Philadelphia 76ers,,,,
Sat Dec 2 2017,10:00 pm,New Orleans Pelicans,,Portland Trail Blazers,,,,
Sun Dec 3 2017,9:30 pm,Houston Rockets,,Los Angeles Lakers,,,,
Sun Dec 3 2017,7:00 pm,Golden State Warriors,,Miami Heat,,,,
Sun Dec 3 2017,7:00 pm,Los Angeles Clippers,,Minnesota Timberwolves,,,,
Sun Dec 3 2017,3:30 pm,Orlando Magic,,New York Knicks,,,,
Sun Dec 3 2017,7:00 pm,San Antonio Spurs,,Oklahoma City Thunder,,,,
Mon Dec 4 2017,7:30 pm,Brooklyn Nets,,Atlanta Hawks,,,,
Mon Dec 4 2017,7:30 pm,Milwaukee Bucks,,Boston Celtics,,,,
Mon Dec 4 2017,8:00 pm,Cleveland Cavaliers,,Chicago Bulls,,,,
Mon Dec 4 2017,7:00 pm,Orlando Magic,,Charlotte Hornets,,,,
Mon Dec 4 2017,8:30 pm,Denver Nuggets,,Dallas Mavericks,,,,
Mon Dec 4 2017,7:00 pm,New York Knicks,,Indiana Pacers,,,,
Mon Dec 4 2017,8:00 pm,Minnesota Timberwolves,,Memphis Grizzlies,,,,
Mon Dec 4 2017,8:00 pm,Golden State Warriors,,New Orleans Pelicans,,,,
Mon Dec 4 2017,7:00 pm,Phoenix Suns,,Philadelphia 76ers,,,,
Mon Dec 4 2017,8:30 pm,Detroit Pistons,,San Antonio Spurs,,,,
Mon Dec 4 2017,9:00 pm,Washington Wizards,,Utah Jazz,,,,
Tue Dec 5 2017,8:00 pm,Utah Jazz,,Oklahoma City Thunder,,,,
Tue Dec 5 2017,10:00 pm,Washington Wizards,,Portland Trail Blazers,,,,
Tue Dec 5 2017,7:30 pm,Phoenix Suns,,Toronto Raptors,,,,
Wed Dec 6 2017,7:30 pm,Dallas Mavericks,,Boston Celtics,,,,
Wed Dec 6 2017,8:00 pm,Golden State Warriors,,Charlotte Hornets,,,,
Wed Dec 6 2017,7:00 pm,Sacramento Kings,,Cleveland Cavaliers,,,,
Wed Dec 6 2017,7:00 pm,Chicago Bulls,,Indiana Pacers,,,,
Wed Dec 6 2017,10:30 pm,Minnesota Timberwolves,,Los Angeles Clippers,,,,
Wed Dec 6 2017,8:00 pm,Detroit Pistons,,Milwaukee Bucks,,,,
Wed Dec 6 2017,8:00 pm,Denver Nuggets,,New Orleans Pelicans,,,,
Wed Dec 6 2017,7:30 pm,Memphis Grizzlies,,New York Knicks,,,,
Wed Dec 6 2017,7:00 pm,Atlanta Hawks,,Orlando Magic,,,,
Wed Dec 6 2017,8:30 pm,Miami Heat,,San Antonio Spurs,,,,
Thu Dec 7 2017,10:00 pm,Oklahoma City Thunder,,Brooklyn Nets,,,,
Thu Dec 7 2017,8:00 pm,Los Angeles Lakers,,Philadelphia 76ers,,,,
Thu Dec 7 2017,9:00 pm,Washington Wizards,,Phoenix Suns,,,,
Thu Dec 7 2017,10:30 pm,Houston Rockets,,Utah Jazz,,,,
Fri Dec 8 2017,7:00 pm,Chicago Bulls,,Charlotte Hornets,,,,
Fri Dec 8 2017,7:00 pm,Golden State Warriors,,Detroit Pistons,,,,
Fri Dec 8 2017,7:00 pm,Cleveland Cavaliers,,Indiana Pacers,,,,
Fri Dec 8 2017,8:00 pm,Toronto Raptors,,Memphis Grizzlies,,,,
Fri Dec 8 2017,8:00 pm,Dallas Mavericks,,Milwaukee Bucks,,,,
Fri Dec 8 2017,8:00 pm,Sacramento Kings,,New Orleans Pelicans,,,,
Fri Dec 8 2017,7:00 pm,Denver Nuggets,,Orlando Magic,,,,
Fri Dec 8 2017,9:30 pm,Boston Celtics,,San Antonio Spurs,,,,
Sat Dec 9 2017,7:30 pm,Orlando Magic,,Atlanta Hawks,,,,
Sat Dec 9 2017,6:00 pm,Miami Heat,,Brooklyn Nets,,,,
Sat Dec 9 2017,8:00 pm,New York Knicks,,Chicago Bulls,,,,
Sat Dec 9 2017,7:00 pm,Los Angeles Lakers,,Charlotte Hornets,,,,
Sat Dec 9 2017,8:00 pm,Philadelphia 76ers,,Cleveland Cavaliers,,,,
Sat Dec 9 2017,3:30 pm,Washington Wizards,,Los Angeles Clippers,,,,
Sat Dec 9 2017,9:00 pm,Oklahoma City Thunder,,Memphis Grizzlies,,,,
Sat Dec 9 2017,8:30 pm,Utah Jazz,,Milwaukee Bucks,,,,
Sat Dec 9 2017,9:00 pm,San Antonio Spurs,,Phoenix Suns,,,,
Sat Dec 9 2017,10:00 pm,Houston Rockets,,Portland Trail Blazers,,,,
Sun Dec 10 2017,4:00 pm,Boston Celtics,,Detroit Pistons,,,,
Sun Dec 10 2017,5:00 pm,Denver Nuggets,,Indiana Pacers,,,,
Sun Dec 10 2017,7:00 pm,Dallas Mavericks,,Minnesota Timberwolves,,,,
Sun Dec 10 2017,7:00 pm,Philadelphia 76ers,,New Orleans Pelicans,,,,
Sun Dec 10 2017,7:30 pm,Atlanta Hawks,,New York Knicks,,,,
Sun Dec 10 2017,3:30 pm,Toronto Raptors,,Sacramento Kings,,,,
Mon Dec 11 2017,8:00 pm,Boston Celtics,,Chicago Bulls,,,,
Mon Dec 11 2017,10:30 pm,Portland Trail Blazers,,Golden State Warriors,,,,
Mon Dec 11 2017,8:00 pm,New Orleans Pelicans,,Houston Rockets,,,,
Mon Dec 11 2017,10:30 pm,Toronto Raptors,,Los Angeles Clippers,,,,
Mon Dec 11 2017,8:00 pm,Miami Heat,,Memphis Grizzlies,,,,
Mon Dec 11 2017,8:00 pm,Charlotte Hornets,,Oklahoma City Thunder,,,,
Tue Dec 12 2017,7:30 pm,Washington Wizards,,Brooklyn Nets,,,,
Tue Dec 12 2017,7:00 pm,Atlanta Hawks,,Cleveland Cavaliers,,,,
Tue Dec 12 2017,9:30 pm,San Antonio Spurs,,Dallas Mavericks,,,,
Tue Dec 12 2017,7:00 pm,Denver Nuggets,,Detroit Pistons,,,,
Tue Dec 12 2017,8:00 pm,Philadelphia 76ers,,Minnesota Timberwolves,,,,
Tue Dec 12 2017,7:00 pm,Los Angeles Lakers,,New York Knicks,,,,
Tue Dec 12 2017,10:00 pm,Phoenix Suns,,Sacramento Kings,,,,
Wed Dec 13 2017,7:30 pm,Denver Nuggets,,Boston Celtics,,,,
Wed Dec 13 2017,8:00 pm,Utah Jazz,,Chicago Bulls,,,,
Wed Dec 13 2017,9:30 pm,Charlotte Hornets,,Houston Rockets,,,,
Wed Dec 13 2017,7:00 pm,Oklahoma City Thunder,,Indiana Pacers,,,,
Wed Dec 13 2017,7:30 pm,Portland Trail Blazers,,Miami Heat,,,,
Wed Dec 13 2017,8:00 pm,Milwaukee Bucks,,New Orleans Pelicans,,,,
Wed Dec 13 2017,7:00 pm,Los Angeles Clippers,,Orlando Magic,,,,
Wed Dec 13 2017,9:00 pm,Toronto Raptors,,Phoenix Suns,,,,
Wed Dec 13 2017,7:00 pm,Memphis Grizzlies,,Washington Wizards,,,,
Thu Dec 14 2017,7:30 pm,Detroit Pistons,,Atlanta Hawks,,,,
Thu Dec 14 2017,7:30 pm,New York Knicks,,Brooklyn Nets,,,,
Thu Dec 14 2017,8:00 pm,Los Angeles Lakers,,Cleveland Cavaliers,,,,
Thu Dec 14 2017,10:30 pm,Dallas Mavericks,,Golden State Warriors,,,,
Thu Dec 14 2017,8:00 pm,Sacramento Kings,,Minnesota Timberwolves,,,,
Fri Dec 15 2017,7:30 pm,Utah Jazz,,Boston Celtics,,,,
Fri Dec 15 2017,7:00 pm,Miami Heat,,Charlotte Hornets,,,,
Fri Dec 15 2017,9:00 pm,New Orleans Pelicans,,Denver Nuggets,,,,
Fri Dec 15 2017,9:30 pm,San Antonio Spurs,,Houston Rockets,,,,
Fri Dec 15 2017,7:00 pm,Detroit Pistons,,Indiana Pacers,,,,
Fri Dec 15 2017,8:00 pm,Atlanta Hawks,,Memphis Grizzlies,,,,
Fri Dec 15 2017,8:00 pm,Chicago Bulls,,Milwaukee Bucks,,,,
Fri Dec 15 2017,7:00 pm,Portland Trail Blazers,,Orlando Magic,,,,
Fri Dec 15 2017,7:00 pm,Oklahoma City Thunder,,Philadelphia 76ers,,,,
Fri Dec 15 2017,7:30 pm,Brooklyn Nets,,Toronto Raptors,,,,
Fri Dec 15 2017,7:00 pm,Los Angeles Clippers,,Washington Wizards,,,,
Sat Dec 16 2017,7:00 pm,Portland Trail Blazers,,Charlotte Hornets,,,,
Sat Dec 16 2017,7:30 pm,Utah Jazz,,Cleveland Cavaliers,,,,
Sat Dec 16 2017,8:00 pm,Milwaukee Bucks,,Houston Rockets,,,,
Sat Dec 16 2017,9:00 pm,Boston Celtics,,Memphis Grizzlies,,,,
Sat Dec 16 2017,8:00 pm,Los Angeles Clippers,,Miami Heat,,,,
Sat Dec 16 2017,8:00 pm,Phoenix Suns,,Minnesota Timberwolves,,,,
Sat Dec 16 2017,7:30 pm,Oklahoma City Thunder,,New York Knicks,,,,
Sat Dec 16 2017,8:30 pm,Dallas Mavericks,,San Antonio Spurs,,,,
Sun Dec 17 2017,6:00 pm,Indiana Pacers,,Brooklyn Nets,,,,
Sun Dec 17 2017,4:00 pm,Orlando Magic,,Detroit Pistons,,,,
Sun Dec 17 2017,3:30 pm,Sacramento Kings,,Toronto Raptors,,,,
Sun Dec 17 2017,6:00 pm,Cleveland Cavaliers,,Washington Wizards,,,,
Mon Dec 18 2017,7:30 pm,Miami Heat,,Atlanta Hawks,,,,
Mon Dec 18 2017,8:00 pm,Philadelphia 76ers,,Chicago Bulls,,,,
Mon Dec 18 2017,7:00 pm,New York Knicks,,Charlotte Hornets,,,,
Mon Dec 18 2017,8:30 pm,Phoenix Suns,,Dallas Mavericks,,,,
Mon Dec 18 2017,8:00 pm,Utah Jazz,,Houston Rockets,,,,
Mon Dec 18 2017,7:00 pm,Boston Celtics,,Indiana Pacers,,,,
Mon Dec 18 2017,10:30 pm,Golden State Warriors,,Los Angeles Lakers,,,,
Mon Dec 18 2017,8:00 pm,Portland Trail Blazers,,Minnesota Timberwolves,,,,
Mon Dec 18 2017,8:00 pm,Denver Nuggets,,Oklahoma City Thunder,,,,
Mon Dec 18 2017,8:30 pm,Los Angeles Clippers,,San Antonio Spurs,,,,
Tue Dec 19 2017,8:00 pm,Cleveland Cavaliers,,Milwaukee Bucks,,,,
Tue Dec 19 2017,7:00 pm,Sacramento Kings,,Philadelphia 76ers,,,,
Tue Dec 19 2017,7:00 pm,New Orleans Pelicans,,Washington Wizards,,,,
Wed Dec 20 2017,7:30 pm,Indiana Pacers,,Atlanta Hawks,,,,
Wed Dec 20 2017,7:30 pm,Miami Heat,,Boston Celtics,,,,
Wed Dec 20 2017,7:30 pm,Sacramento Kings,,Brooklyn Nets,,,,
Wed Dec 20 2017,8:00 pm,Orlando Magic,,Chicago Bulls,,,,
Wed Dec 20 2017,7:00 pm,Toronto Raptors,,Charlotte Hornets,,,,
Wed Dec 20 2017,8:30 pm,Detroit Pistons,,Dallas Mavericks,,,,
Wed Dec 20 2017,9:00 pm,Minnesota Timberwolves,,Denver Nuggets,,,,
Wed Dec 20 2017,10:30 pm,Memphis Grizzlies,,Golden State Warriors,,,,
Wed Dec 20 2017,8:00 pm,Los Angeles Lakers,,Houston Rockets,,,,
Wed Dec 20 2017,10:30 pm,Phoenix Suns,,Los Angeles Clippers,,,,
Wed Dec 20 2017,8:00 pm,Utah Jazz,,Oklahoma City Thunder,,,,
Wed Dec 20 2017,10:00 pm,San Antonio Spurs,,Portland Trail Blazers,,,,
Thu Dec 21 2017,7:00 pm,Chicago Bulls,,Cleveland Cavaliers,,,,
Thu Dec 21 2017,8:00 pm,Boston Celtics,,New York Knicks,,,,
Thu Dec 21 2017,7:00 pm,Toronto Raptors,,Philadelphia 76ers,,,,
Thu Dec 21 2017,9:00 pm,Memphis Grizzlies,,Phoenix Suns,,,,
Thu Dec 21 2017,10:30 pm,San Antonio Spurs,,Utah Jazz,,,,
Fri Dec 22 2017,7:30 pm,Washington Wizards,,Brooklyn Nets,,,,
Fri Dec 22 2017,7:00 pm,New York Knicks,,Detroit Pistons,,,,
Fri Dec 22 2017,10:30 pm,Los Angeles Lakers,,Golden State Warriors,,,,
Fri Dec 22 2017,8:00 pm,Los Angeles Clippers,,Houston Rockets,,,,
Fri Dec 22 2017,8:00 pm,Dallas Mavericks,,Miami Heat,,,,
Fri Dec 22 2017,8:00 pm,Charlotte Hornets,,Milwaukee Bucks,,,,
Fri Dec 22 2017,8:00 pm,Atlanta Hawks,,Oklahoma City Thunder,,,,
Fri Dec 22 2017,7:00 pm,New Orleans Pelicans,,Orlando Magic,,,,
Fri Dec 22 2017,10:00 pm,Denver Nuggets,,Portland Trail Blazers,,,,
Sat Dec 23 2017,7:30 pm,Dallas Mavericks,,Atlanta Hawks,,,,
Sat Dec 23 2017,7:30 pm,Chicago Bulls,,Boston Celtics,,,,
Sat Dec 23 2017,7:00 pm,Milwaukee Bucks,,Charlotte Hornets,,,,
Sat Dec 23 2017,8:30 pm,Denver Nuggets,,Golden State Warriors,,,,
Sat Dec 23 2017,7:00 pm,Brooklyn Nets,,Indiana Pacers,,,,
Sat Dec 23 2017,9:30 pm,Portland Trail Blazers,,Los Angeles Lakers,,,,
Sat Dec 23 2017,8:00 pm,Los Angeles Clippers,,Memphis Grizzlies,,,,
Sat Dec 23 2017,8:00 pm,New Orleans Pelicans,,Miami Heat,,,,
Sat Dec 23 2017,9:00 pm,Minnesota Timberwolves,,Phoenix Suns,,,,
Sat Dec 23 2017,10:00 pm,San Antonio Spurs,,Sacramento Kings,,,,
Sat Dec 23 2017,5:00 pm,Philadelphia 76ers,,Toronto Raptors,,,,
Sat Dec 23 2017,8:00 pm,Oklahoma City Thunder,,Utah Jazz,,,,
Sat Dec 23 2017,7:00 pm,Orlando Magic,,Washington Wizards,,,,
Mon Dec 25 2017,5:30 pm,Washington Wizards,,Boston Celtics,,,,
Mon Dec 25 2017,3:00 pm,Cleveland Cavaliers,,Golden State Warriors,,,,
Mon Dec 25 2017,10:30 pm,Minnesota Timberwolves,,Los Angeles Lakers,,,,
Mon Dec 25 2017,12:00 pm,Philadelphia 76ers,,New York Knicks,,,,
Mon Dec 25 2017,8:00 pm,Houston Rockets,,Oklahoma City Thunder,,,,
Tue Dec 26 2017,7:00 pm,Toronto Raptors,,Dallas Mavericks,,,,
Tue Dec 26 2017,9:00 pm,Utah Jazz,,Denver Nuggets,,,,
Tue Dec 26 2017,7:00 pm,Indiana Pacers,,Detroit Pistons,,,,
Tue Dec 26 2017,10:30 pm,Sacramento Kings,,Los Angeles Clippers,,,,
Tue Dec 26 2017,7:30 pm,Orlando Magic,,Miami Heat,,,,
Tue Dec 26 2017,8:00 pm,Chicago Bulls,,Milwaukee Bucks,,,,
Tue Dec 26 2017,9:00 pm,Memphis Grizzlies,,Phoenix Suns,,,,
Tue Dec 26 2017,8:30 pm,Brooklyn Nets,,San Antonio Spurs,,,,
Wed Dec 27 2017,7:30 pm,Washington Wizards,,Atlanta Hawks,,,,
Wed Dec 27 2017,8:00 pm,New York Knicks,,Chicago Bulls,,,,
Wed Dec 27 2017,7:00 pm,Boston Celtics,,Charlotte Hornets,,,,
Wed Dec 27 2017,10:30 pm,Utah Jazz,,Golden State Warriors,,,,
Wed Dec 27 2017,7:00 pm,Dallas Mavericks,,Indiana Pacers,,,,
Wed Dec 27 2017,10:30 pm,Memphis Grizzlies,,Los Angeles Lakers,,,,
Wed Dec 27 2017,8:00 pm,Denver Nuggets,,Minnesota Timberwolves,,,,
Wed Dec 27 2017,8:00 pm,Brooklyn Nets,,New Orleans Pelicans,,,,
Wed Dec 27 2017,8:00 pm,Toronto Raptors,,Oklahoma City Thunder,,,,
Wed Dec 27 2017,10:00 pm,Cleveland Cavaliers,,Sacramento Kings,,,,
Thu Dec 28 2017,8:00 pm,Houston Rockets,,Boston Celtics,,,,
Thu Dec 28 2017,8:00 pm,Minnesota Timberwolves,,Milwaukee Bucks,,,,
Thu Dec 28 2017,7:00 pm,Detroit Pistons,,Orlando Magic,,,,
Thu Dec 28 2017,10:30 pm,Philadelphia 76ers,,Portland Trail Blazers,,,,
Thu Dec 28 2017,8:30 pm,New York Knicks,,San Antonio Spurs,,,,
Fri Dec 29 2017,8:00 pm,Indiana Pacers,,Chicago Bulls,,,,
Fri Dec 29 2017,10:30 pm,Charlotte Hornets,,Golden State Warriors,,,,
Fri Dec 29 2017,10:30 pm,Los Angeles Clippers,,Los Angeles Lakers,,,,
Fri Dec 29 2017,8:00 pm,Brooklyn Nets,,Miami Heat,,,,
Fri Dec 29 2017,8:00 pm,Dallas Mavericks,,New Orleans Pelicans,,,,
Fri Dec 29 2017,8:00 pm,Milwaukee Bucks,,Oklahoma City Thunder,,,,
Fri Dec 29 2017,10:00 pm,Phoenix Suns,,Sacramento Kings,,,,
Fri Dec 29 2017,7:30 pm,Atlanta Hawks,,Toronto Raptors,,,,
Fri Dec 29 2017,7:00 pm,Houston Rockets,,Washington Wizards,,,,
Sat Dec 30 2017,7:30 pm,Portland Trail Blazers,,Atlanta Hawks,,,,
Sat Dec 30 2017,9:00 pm,Philadelphia 76ers,,Denver Nuggets,,,,
Sat Dec 30 2017,7:00 pm,San Antonio Spurs,,Detroit Pistons,,,,
Sat Dec 30 2017,8:30 pm,Memphis Grizzlies,,Golden State Warriors,,,,
Sat Dec 30 2017,7:00 pm,New York Knicks,,New Orleans Pelicans,,,,
Sat Dec 30 2017,7:00 pm,Miami Heat,,Orlando Magic,,,,
Sat Dec 30 2017,8:00 pm,Cleveland Cavaliers,,Utah Jazz,,,,
Sun Dec 31 2017,5:30 pm,Brooklyn Nets,,Boston Celtics,,,,
Sun Dec 31 2017,7:00 pm,Los Angeles Lakers,,Houston Rockets,,,,
Sun Dec 31 2017,5:00 pm,Minnesota Timberwolves,,Indiana Pacers,,,,
Sun Dec 31 2017,7:00 pm,Charlotte Hornets,,Los Angeles Clippers,,,,
Sun Dec 31 2017,7:00 pm,Dallas Mavericks,,Oklahoma City Thunder,,,,
Sun Dec 31 2017,8:00 pm,Philadelphia 76ers,,Phoenix Suns,,,,
Sun Dec 31 2017,7:00 pm,Memphis Grizzlies,,Sacramento Kings,,,,
Sun Dec 31 2017,3:30 pm,Chicago Bulls,,Washington Wizards,,,,
Mon Jan 1 2018,7:30 pm,Orlando Magic,,Brooklyn Nets,,,,
Mon Jan 1 2018,8:00 pm,Portland Trail Blazers,,Chicago Bulls,,,,
Mon Jan 1 2018,8:00 pm,Los Angeles Lakers,,Minnesota Timberwolves,,,,
Mon Jan 1 2018,7:30 pm,Milwaukee Bucks,,Toronto Raptors,,,,
Tue Jan 2 2018,7:00 pm,Portland Trail Blazers,,Cleveland Cavaliers,,,,
Tue Jan 2 2018,10:30 pm,Memphis Grizzlies,,Los Angeles Clippers,,,,
Tue Jan 2 2018,7:30 pm,San Antonio Spurs,,New York Knicks,,,,
Tue Jan 2 2018,9:00 pm,Atlanta Hawks,,Phoenix Suns,,,,
Tue Jan 2 2018,10:00 pm,Charlotte Hornets,,Sacramento Kings,,,,
Wed Jan 3 2018,8:00 pm,Cleveland Cavaliers,,Boston Celtics,,,,
Wed Jan 3 2018,7:30 pm,Minnesota Timberwolves,,Brooklyn Nets,,,,
Wed Jan 3 2018,8:00 pm,Toronto Raptors,,Chicago Bulls,,,,
Wed Jan 3 2018,8:30 pm,Golden State Warriors,,Dallas Mavericks,,,,
Wed Jan 3 2018,9:00 pm,Phoenix Suns,,Denver Nuggets,,,,
Wed Jan 3 2018,10:30 pm,Oklahoma City Thunder,,Los Angeles Lakers,,,,
Wed Jan 3 2018,7:30 pm,Detroit Pistons,,Miami Heat,,,,
Wed Jan 3 2018,8:00 pm,Indiana Pacers,,Milwaukee Bucks,,,,
Wed Jan 3 2018,7:00 pm,Houston Rockets,,Orlando Magic,,,,
Wed Jan 3 2018,7:00 pm,San Antonio Spurs,,Philadelphia 76ers,,,,
Wed Jan 3 2018,9:00 pm,New Orleans Pelicans,,Utah Jazz,,,,
Wed Jan 3 2018,7:00 pm,New York Knicks,,Washington Wizards,,,,
Thu Jan 4 2018,8:00 pm,Golden State Warriors,,Houston Rockets,,,,
Thu Jan 4 2018,10:30 pm,Oklahoma City Thunder,,Los Angeles Clippers,,,,
Fri Jan 5 2018,7:30 pm,Minnesota Timberwolves,,Boston Celtics,,,,
Fri Jan 5 2018,8:30 pm,Chicago Bulls,,Dallas Mavericks,,,,
Fri Jan 5 2018,9:00 pm,Utah Jazz,,Denver Nuggets,,,,
Fri Jan 5 2018,10:30 pm,Charlotte Hornets,,Los Angeles Lakers,,,,
Fri Jan 5 2018,9:30 pm,Washington Wizards,,Memphis Grizzlies,,,,
Fri Jan 5 2018,7:00 pm,New York Knicks,,Miami Heat,,,,
Fri Jan 5 2018,8:00 pm,Toronto Raptors,,Milwaukee Bucks,,,,
Fri Jan 5 2018,7:00 pm,Detroit Pistons,,Philadelphia 76ers,,,,
Fri Jan 5 2018,10:00 pm,Atlanta Hawks,,Portland Trail Blazers,,,,
Fri Jan 5 2018,8:30 pm,Phoenix Suns,,San Antonio Spurs,,,,
Sat Jan 6 2018,6:00 pm,Boston Celtics,,Brooklyn Nets,,,,
Sat Jan 6 2018,7:00 pm,Houston Rockets,,Detroit Pistons,,,,
Sat Jan 6 2018,7:00 pm,Chicago Bulls,,Indiana Pacers,,,,
Sat Jan 6 2018,3:30 pm,Golden State Warriors,,Los Angeles Clippers,,,,
Sat Jan 6 2018,9:00 pm,New Orleans Pelicans,,Minnesota Timberwolves,,,,
Sat Jan 6 2018,7:00 pm,Cleveland Cavaliers,,Orlando Magic,,,,
Sat Jan 6 2018,10:00 pm,Denver Nuggets,,Sacramento Kings,,,,
Sat Jan 6 2018,8:00 pm,Milwaukee Bucks,,Washington Wizards,,,,
Sun Jan 7 2018,7:00 pm,New York Knicks,,Dallas Mavericks,,,,
Sun Jan 7 2018,9:30 pm,Atlanta Hawks,,Los Angeles Lakers,,,,
Sun Jan 7 2018,3:30 pm,Utah Jazz,,Miami Heat,,,,
Sun Jan 7 2018,8:00 pm,Oklahoma City Thunder,,Phoenix Suns,,,,
Sun Jan 7 2018,9:00 pm,San Antonio Spurs,,Portland Trail Blazers,,,,
Mon Jan 8 2018,7:30 pm,Toronto Raptors,,Brooklyn Nets,,,,
Mon Jan 8 2018,8:00 pm,Houston Rockets,,Chicago Bulls,,,,
Mon Jan 8 2018,10:30 pm,Denver Nuggets,,Golden State Warriors,,,,
Mon Jan 8 2018,7:00 pm,Milwaukee Bucks,,Indiana Pacers,,,,
Mon Jan 8 2018,10:30 pm,Atlanta Hawks,,Los Angeles Clippers,,,,
Mon Jan 8 2018,8:00 pm,Cleveland Cavaliers,,Minnesota Timberwolves,,,,
Mon Jan 8 2018,8:00 pm,Detroit Pistons,,New Orleans Pelicans,,,,
Mon Jan 8 2018,10:00 pm,San Antonio Spurs,,Sacramento Kings,,,,
Tue Jan 9 2018,8:30 pm,Orlando Magic,,Dallas Mavericks,,,,
Tue Jan 9 2018,10:30 pm,Sacramento Kings,,Los Angeles Lakers,,,,
Tue Jan 9 2018,8:00 pm,Portland Trail Blazers,,Oklahoma City Thunder,,,,
Tue Jan 9 2018,7:30 pm,Miami Heat,,Toronto Raptors,,,,
Wed Jan 10 2018,7:30 pm,Detroit Pistons,,Brooklyn Nets,,,,
Wed Jan 10 2018,7:00 pm,Dallas Mavericks,,Charlotte Hornets,,,,
Wed Jan 10 2018,9:00 pm,Atlanta Hawks,,Denver Nuggets,,,,
Wed Jan 10 2018,10:30 pm,Los Angeles Clippers,,Golden State Warriors,,,,
Wed Jan 10 2018,8:00 pm,Portland Trail Blazers,,Houston Rockets,,,,
Wed Jan 10 2018,7:00 pm,Miami Heat,,Indiana Pacers,,,,
Wed Jan 10 2018,8:00 pm,New Orleans Pelicans,,Memphis Grizzlies,,,,
Wed Jan 10 2018,8:00 pm,Orlando Magic,,Milwaukee Bucks,,,,
Wed Jan 10 2018,8:00 pm,Oklahoma City Thunder,,Minnesota Timberwolves,,,,
Wed Jan 10 2018,7:30 pm,Chicago Bulls,,New York Knicks,,,,
Wed Jan 10 2018,7:00 pm,Utah Jazz,,Washington Wizards,,,,
Thu Jan 11 2018,10:30 pm,San Antonio Spurs,,Los Angeles Lakers,,,,
Thu Jan 11 2018,3:00 pm,Boston Celtics,,Philadelphia 76ers,,,,
Thu Jan 11 2018,10:00 pm,Los Angeles Clippers,,Sacramento Kings,,,,
Thu Jan 11 2018,8:00 pm,Cleveland Cavaliers,,Toronto Raptors,,,,
Fri Jan 12 2018,7:30 pm,Brooklyn Nets,,Atlanta Hawks,,,,
Fri Jan 12 2018,7:00 pm,Utah Jazz,,Charlotte Hornets,,,,
Fri Jan 12 2018,9:00 pm,Memphis Grizzlies,,Denver Nuggets,,,,
Fri Jan 12 2018,7:00 pm,Cleveland Cavaliers,,Indiana Pacers,,,,
Fri Jan 12 2018,8:00 pm,Golden State Warriors,,Milwaukee Bucks,,,,
Fri Jan 12 2018,8:00 pm,New York Knicks,,Minnesota Timberwolves,,,,
Fri Jan 12 2018,8:00 pm,Portland Trail Blazers,,New Orleans Pelicans,,,,
Fri Jan 12 2018,10:30 pm,Houston Rockets,,Phoenix Suns,,,,
Fri Jan 12 2018,7:00 pm,Orlando Magic,,Washington Wizards,,,,
Sat Jan 13 2018,8:00 pm,Detroit Pistons,,Chicago Bulls,,,,
Sat Jan 13 2018,5:00 pm,Oklahoma City Thunder,,Charlotte Hornets,,,,
Sat Jan 13 2018,2:00 pm,Los Angeles Lakers,,Dallas Mavericks,,,,
Sat Jan 13 2018,3:30 pm,Sacramento Kings,,Los Angeles Clippers,,,,
Sat Jan 13 2018,8:30 pm,Denver Nuggets,,San Antonio Spurs,,,,
Sat Jan 13 2018,7:30 pm,Golden State Warriors,,Toronto Raptors,,,,
Sat Jan 13 2018,7:00 pm,Brooklyn Nets,,Washington Wizards,,,,
Sun Jan 14 2018,1:00 pm,Milwaukee Bucks,,Miami Heat,,,,
Sun Jan 14 2018,9:00 pm,Portland Trail Blazers,,Minnesota Timberwolves,,,,
Sun Jan 14 2018,3:30 pm,New Orleans Pelicans,,New York Knicks,,,,
Sun Jan 14 2018,8:00 pm,Indiana Pacers,,Phoenix Suns,,,,
Mon Jan 15 2018,3:00 pm,San Antonio Spurs,,Atlanta Hawks,,,,
Mon Jan 15 2018,3:00 pm,New York Knicks,,Brooklyn Nets,,,,
Mon Jan 15 2018,3:30 pm,Miami Heat,,Chicago Bulls,,,,
Mon Jan 15 2018,8:00 pm,Golden State Warriors,,Cleveland Cavaliers,,,,
Mon Jan 15 2018,12:30 pm,Charlotte Hornets,,Detroit Pistons,,,,
Mon Jan 15 2018,10:30 pm,Houston Rockets,,Los Angeles Clippers,,,,
Mon Jan 15 2018,5:30 pm,Los Angeles Lakers,,Memphis Grizzlies,,,,
Mon Jan 15 2018,3:00 pm,Sacramento Kings,,Oklahoma City Thunder,,,,
Mon Jan 15 2018,1:00 pm,Toronto Raptors,,Philadelphia 76ers,,,,
Mon Jan 15 2018,9:00 pm,Indiana Pacers,,Utah Jazz,,,,
Mon Jan 15 2018,2:00 pm,Milwaukee Bucks,,Washington Wizards,,,,
Tue Jan 16 2018,7:30 pm,New Orleans Pelicans,,Boston Celtics,,,,
Tue Jan 16 2018,9:00 pm,Dallas Mavericks,,Denver Nuggets,,,,
Tue Jan 16 2018,7:00 pm,Minnesota Timberwolves,,Orlando Magic,,,,
Tue Jan 16 2018,10:00 pm,Phoenix Suns,,Portland Trail Blazers,,,,
Wed Jan 17 2018,7:30 pm,New Orleans Pelicans,,Atlanta Hawks,,,,
Wed Jan 17 2018,7:30 pm,San Antonio Spurs,,Brooklyn Nets,,,,
Wed Jan 17 2018,8:00 pm,Golden State Warriors,,Chicago Bulls,,,,
Wed Jan 17 2018,7:00 pm,Washington Wizards,,Charlotte Hornets,,,,
Wed Jan 17 2018,10:30 pm,Denver Nuggets,,Los Angeles Clippers,,,,
Wed Jan 17 2018,8:00 pm,New York Knicks,,Memphis Grizzlies,,,,
Wed Jan 17 2018,8:00 pm,Miami Heat,,Milwaukee Bucks,,,,
Wed Jan 17 2018,8:00 pm,Los Angeles Lakers,,Oklahoma City Thunder,,,,
Wed Jan 17 2018,10:00 pm,Utah Jazz,,Sacramento Kings,,,,
Wed Jan 17 2018,7:30 pm,Detroit Pistons,,Toronto Raptors,,,,
Thu Jan 18 2018,7:00 pm,Philadelphia 76ers,,Boston Celtics,,,,
Thu Jan 18 2018,7:00 pm,Orlando Magic,,Cleveland Cavaliers,,,,
Thu Jan 18 2018,9:30 pm,Minnesota Timberwolves,,Houston Rockets,,,,
Thu Jan 18 2018,10:00 pm,Indiana Pacers,,Portland Trail Blazers,,,,
Fri Jan 19 2018,7:30 pm,Miami Heat,,Brooklyn Nets,,,,
Fri Jan 19 2018,9:00 pm,Phoenix Suns,,Denver Nuggets,,,,
Fri Jan 19 2018,8:00 pm,Washington Wizards,,Detroit Pistons,,,,
Fri Jan 19 2018,10:30 pm,Indiana Pacers,,Los Angeles Lakers,,,,
Fri Jan 19 2018,8:00 pm,Sacramento Kings,,Memphis Grizzlies,,,,
Fri Jan 19 2018,7:00 pm,San Antonio Spurs,,Toronto Raptors,,,,
Fri Jan 19 2018,10:30 pm,New York Knicks,,Utah Jazz,,,,
Sat Jan 20 2018,5:00 pm,Chicago Bulls,,Atlanta Hawks,,,,
Sat Jan 20 2018,7:00 pm,Miami Heat,,Charlotte Hornets,,,,
Sat Jan 20 2018,3:30 pm,Oklahoma City Thunder,,Cleveland Cavaliers,,,,
Sat Jan 20 2018,8:30 pm,Golden State Warriors,,Houston Rockets,,,,
Sat Jan 20 2018,9:00 pm,Toronto Raptors,,Minnesota Timberwolves,,,,
Sat Jan 20 2018,7:00 pm,Memphis Grizzlies,,New Orleans Pelicans,,,,
Sat Jan 20 2018,7:30 pm,Milwaukee Bucks,,Philadelphia 76ers,,,,
Sat Jan 20 2018,10:00 pm,Dallas Mavericks,,Portland Trail Blazers,,,,
Sat Jan 20 2018,9:00 pm,Los Angeles Clippers,,Utah Jazz,,,,
Sun Jan 21 2018,1:00 pm,Orlando Magic,,Boston Celtics,,,,
Sun Jan 21 2018,4:00 pm,Brooklyn Nets,,Detroit Pistons,,,,
Sun Jan 21 2018,3:30 pm,New York Knicks,,Los Angeles Lakers,,,,
Sun Jan 21 2018,7:00 pm,Indiana Pacers,,San Antonio Spurs,,,,
Mon Jan 22 2018,7:30 pm,Utah Jazz,,Atlanta Hawks,,,,
Mon Jan 22 2018,7:00 pm,Sacramento Kings,,Charlotte Hornets,,,,
Mon Jan 22 2018,8:30 pm,Washington Wizards,,Dallas Mavericks,,,,
Mon Jan 22 2018,9:00 pm,Portland Trail Blazers,,Denver Nuggets,,,,
Mon Jan 22 2018,8:00 pm,Miami Heat,,Houston Rockets,,,,
Mon Jan 22 2018,10:30 pm,Minnesota Timberwolves,,Los Angeles Clippers,,,,
Mon Jan 22 2018,8:00 pm,Philadelphia 76ers,,Memphis Grizzlies,,,,
Mon Jan 22 2018,8:00 pm,Phoenix Suns,,Milwaukee Bucks,,,,
Mon Jan 22 2018,8:00 pm,Chicago Bulls,,New Orleans Pelicans,,,,
Tue Jan 23 2018,10:30 pm,New York Knicks,,Golden State Warriors,,,,
Tue Jan 23 2018,10:30 pm,Boston Celtics,,Los Angeles Lakers,,,,
Tue Jan 23 2018,8:00 pm,Brooklyn Nets,,Oklahoma City Thunder,,,,
Tue Jan 23 2018,7:00 pm,Sacramento Kings,,Orlando Magic,,,,
Tue Jan 23 2018,8:00 pm,Cleveland Cavaliers,,San Antonio Spurs,,,,
Wed Jan 24 2018,7:30 pm,Toronto Raptors,,Atlanta Hawks,,,,
Wed Jan 24 2018,7:00 pm,New Orleans Pelicans,,Charlotte Hornets,,,,
Wed Jan 24 2018,8:00 pm,Houston Rockets,,Dallas Mavericks,,,,
Wed Jan 24 2018,7:00 pm,Utah Jazz,,Detroit Pistons,,,,
Wed Jan 24 2018,7:00 pm,Phoenix Suns,,Indiana Pacers,,,,
Wed Jan 24 2018,10:30 pm,Boston Celtics,,Los Angeles Clippers,,,,
Wed Jan 24 2018,8:00 pm,San Antonio Spurs,,Memphis Grizzlies,,,,
Wed Jan 24 2018,7:00 pm,Chicago Bulls,,Philadelphia 76ers,,,,
Wed Jan 24 2018,10:00 pm,Minnesota Timberwolves,,Portland Trail Blazers,,,,
Thu Jan 25 2018,9:00 pm,New York Knicks,,Denver Nuggets,,,,
Thu Jan 25 2018,10:30 pm,Minnesota Timberwolves,,Golden State Warriors,,,,
Thu Jan 25 2018,7:30 pm,Sacramento Kings,,Miami Heat,,,,
Thu Jan 25 2018,8:00 pm,Washington Wizards,,Oklahoma City Thunder,,,,
Fri Jan 26 2018,8:00 pm,Los Angeles Lakers,,Chicago Bulls,,,,
Fri Jan 26 2018,7:00 pm,Atlanta Hawks,,Charlotte Hornets,,,,
Fri Jan 26 2018,7:30 pm,Indiana Pacers,,Cleveland Cavaliers,,,,
Fri Jan 26 2018,8:30 pm,Portland Trail Blazers,,Dallas Mavericks,,,,
Fri Jan 26 2018,8:00 pm,Los Angeles Clippers,,Memphis Grizzlies,,,,
Fri Jan 26 2018,8:00 pm,Brooklyn Nets,,Milwaukee Bucks,,,,
Fri Jan 26 2018,8:00 pm,Houston Rockets,,New Orleans Pelicans,,,,
Fri Jan 26 2018,9:00 pm,New York Knicks,,Phoenix Suns,,,,
Fri Jan 26 2018,8:30 pm,Philadelphia 76ers,,San Antonio Spurs,,,,
Fri Jan 26 2018,7:30 pm,Utah Jazz,,Toronto Raptors,,,,
Sat Jan 27 2018,7:30 pm,Washington Wizards,,Atlanta Hawks,,,,
Sat Jan 27 2018,9:00 pm,Dallas Mavericks,,Denver Nuggets,,,,
Sat Jan 27 2018,7:00 pm,Oklahoma City Thunder,,Detroit Pistons,,,,
Sat Jan 27 2018,8:30 pm,Boston Celtics,,Golden State Warriors,,,,
Sat Jan 27 2018,7:00 pm,Orlando Magic,,Indiana Pacers,,,,
Sat Jan 27 2018,7:30 pm,Charlotte Hornets,,Miami Heat,,,,
Sat Jan 27 2018,9:00 pm,Brooklyn Nets,,Minnesota Timberwolves,,,,
Sun Jan 28 2018,3:30 pm,Milwaukee Bucks,,Chicago Bulls,,,,
Sun Jan 28 2018,6:00 pm,Detroit Pistons,,Cleveland Cavaliers,,,,
Sun Jan 28 2018,3:30 pm,Phoenix Suns,,Houston Rockets,,,,
Sun Jan 28 2018,4:00 pm,Los Angeles Clippers,,New Orleans Pelicans,,,,
Sun Jan 28 2018,6:00 pm,Philadelphia 76ers,,Oklahoma City Thunder,,,,
Sun Jan 28 2018,7:00 pm,Sacramento Kings,,San Antonio Spurs,,,,
Sun Jan 28 2018,6:00 pm,Los Angeles Lakers,,Toronto Raptors,,,,
Mon Jan 29 2018,7:30 pm,Minnesota Timberwolves,,Atlanta Hawks,,,,
Mon Jan 29 2018,8:30 pm,Miami Heat,,Dallas Mavericks,,,,
Mon Jan 29 2018,9:00 pm,Boston Celtics,,Denver Nuggets,,,,
Mon Jan 29 2018,7:00 pm,Charlotte Hornets,,Indiana Pacers,,,,
Mon Jan 29 2018,8:00 pm,Phoenix Suns,,Memphis Grizzlies,,,,
Mon Jan 29 2018,8:00 pm,Philadelphia 76ers,,Milwaukee Bucks,,,,
Tue Jan 30 2018,8:00 pm,Cleveland Cavaliers,,Detroit Pistons,,,,
Tue Jan 30 2018,8:00 pm,Orlando Magic,,Houston Rockets,,,,
Tue Jan 30 2018,10:30 pm,Portland Trail Blazers,,Los Angeles Clippers,,,,
Tue Jan 30 2018,8:00 pm,Sacramento Kings,,New Orleans Pelicans,,,,
Tue Jan 30 2018,7:30 pm,Brooklyn Nets,,New York Knicks,,,,
Tue Jan 30 2018,8:30 pm,Denver Nuggets,,San Antonio Spurs,,,,
Tue Jan 30 2018,7:30 pm,Minnesota Timberwolves,,Toronto Raptors,,,,
Tue Jan 30 2018,9:00 pm,Golden State Warriors,,Utah Jazz,,,,
Tue Jan 30 2018,7:00 pm,Oklahoma City Thunder,,Washington Wizards,,,,
Wed Jan 31 2018,7:30 pm,Charlotte Hornets,,Atlanta Hawks,,,,
Wed Jan 31 2018,8:00 pm,New York Knicks,,Boston Celtics,,,,
Wed Jan 31 2018,7:30 pm,Philadelphia 76ers,,Brooklyn Nets,,,,
Wed Jan 31 2018,7:30 pm,Miami Heat,,Cleveland Cavaliers,,,,
Wed Jan 31 2018,7:00 pm,Memphis Grizzlies,,Indiana Pacers,,,,
Wed Jan 31 2018,7:00 pm,Los Angeles Lakers,,Orlando Magic,,,,
Wed Jan 31 2018,10:30 pm,Dallas Mavericks,,Phoenix Suns,,,,
Wed Jan 31 2018,10:00 pm,Chicago Bulls,,Portland Trail Blazers,,,,
Thu Feb 1 2018,10:30 pm,Oklahoma City Thunder,,Denver Nuggets,,,,
Thu Feb 1 2018,7:00 pm,Memphis Grizzlies,,Detroit Pistons,,,,
Thu Feb 1 2018,8:00 pm,Milwaukee Bucks,,Minnesota Timberwolves,,,,
Thu Feb 1 2018,8:00 pm,Houston Rockets,,San Antonio Spurs,,,,
Thu Feb 1 2018,7:00 pm,Toronto Raptors,,Washington Wizards,,,,
Fri Feb 2 2018,7:30 pm,Atlanta Hawks,,Boston Celtics,,,,
Fri Feb 2 2018,7:30 pm,Los Angeles Lakers,,Brooklyn Nets,,,,
Fri Feb 2 2018,7:00 pm,Indiana Pacers,,Charlotte Hornets,,,,
Fri Feb 2 2018,8:00 pm,New York Knicks,,Milwaukee Bucks,,,,
Fri Feb 2 2018,9:00 pm,New Orleans Pelicans,,Oklahoma City Thunder,,,,
Fri Feb 2 2018,8:00 pm,Miami Heat,,Philadelphia 76ers,,,,
Fri Feb 2 2018,9:00 pm,Utah Jazz,,Phoenix Suns,,,,
Fri Feb 2 2018,10:30 pm,Golden State Warriors,,Sacramento Kings,,,,
Fri Feb 2 2018,7:30 pm,Portland Trail Blazers,,Toronto Raptors,,,,
Sat Feb 3 2018,8:30 pm,Houston Rockets,,Cleveland Cavaliers,,,,
Sat Feb 3 2018,9:00 pm,Golden State Warriors,,Denver Nuggets,,,,
Sat Feb 3 2018,7:00 pm,Miami Heat,,Detroit Pistons,,,,
Sat Feb 3 2018,7:00 pm,Philadelphia 76ers,,Indiana Pacers,,,,
Sat Feb 3 2018,3:30 pm,Chicago Bulls,,Los Angeles Clippers,,,,
Sat Feb 3 2018,9:00 pm,New Orleans Pelicans,,Minnesota Timberwolves,,,,
Sat Feb 3 2018,7:00 pm,Washington Wizards,,Orlando Magic,,,,
Sat Feb 3 2018,10:00 pm,Dallas Mavericks,,Sacramento Kings,,,,
Sat Feb 3 2018,9:00 pm,Utah Jazz,,San Antonio Spurs,,,,
Sun Feb 4 2018,12:00 pm,Portland Trail Blazers,,Boston Celtics,,,,
Sun Feb 4 2018,12:00 pm,Milwaukee Bucks,,Brooklyn Nets,,,,
Sun Feb 4 2018,12:00 pm,Atlanta Hawks,,New York Knicks,,,,
Sun Feb 4 2018,2:00 pm,Los Angeles Lakers,,Oklahoma City Thunder,,,,
Sun Feb 4 2018,3:00 pm,Charlotte Hornets,,Phoenix Suns,,,,
Sun Feb 4 2018,12:00 pm,Memphis Grizzlies,,Toronto Raptors,,,,
Mon Feb 5 2018,9:00 pm,Charlotte Hornets,,Denver Nuggets,,,,
Mon Feb 5 2018,7:00 pm,Portland Trail Blazers,,Detroit Pistons,,,,
Mon Feb 5 2018,7:00 pm,Washington Wizards,,Indiana Pacers,,,,
Mon Feb 5 2018,10:30 pm,Dallas Mavericks,,Los Angeles Clippers,,,,
Mon Feb 5 2018,7:30 pm,Orlando Magic,,Miami Heat,,,,
Mon Feb 5 2018,8:00 pm,Utah Jazz,,New Orleans Pelicans,,,,
Mon Feb 5 2018,10:00 pm,Chicago Bulls,,Sacramento Kings,,,,
Tue Feb 6 2018,7:30 pm,Memphis Grizzlies,,Atlanta Hawks,,,,
Tue Feb 6 2018,7:30 pm,Houston Rockets,,Brooklyn Nets,,,,
Tue Feb 6 2018,10:30 pm,Oklahoma City Thunder,,Golden State Warriors,,,,
Tue Feb 6 2018,10:30 pm,Phoenix Suns,,Los Angeles Lakers,,,,
Tue Feb 6 2018,7:30 pm,Milwaukee Bucks,,New York Knicks,,,,
Tue Feb 6 2018,7:00 pm,Cleveland Cavaliers,,Orlando Magic,,,,
Tue Feb 6 2018,8:00 pm,Washington Wizards,,Philadelphia 76ers,,,,
Tue Feb 6 2018,7:30 pm,Boston Celtics,,Toronto Raptors,,,,
Wed Feb 7 2018,8:00 pm,Minnesota Timberwolves,,Cleveland Cavaliers,,,,
Wed Feb 7 2018,7:00 pm,Brooklyn Nets,,Detroit Pistons,,,,
Wed Feb 7 2018,8:00 pm,Utah Jazz,,Memphis Grizzlies,,,,
Wed Feb 7 2018,7:30 pm,Houston Rockets,,Miami Heat,,,,
Wed Feb 7 2018,8:00 pm,Indiana Pacers,,New Orleans Pelicans,,,,
Wed Feb 7 2018,10:30 pm,San Antonio Spurs,,Phoenix Suns,,,,
Thu Feb 8 2018,10:30 pm,Dallas Mavericks,,Golden State Warriors,,,,
Thu Feb 8 2018,10:30 pm,Oklahoma City Thunder,,Los Angeles Lakers,,,,
Thu Feb 8 2018,7:00 pm,Atlanta Hawks,,Orlando Magic,,,,
Thu Feb 8 2018,10:00 pm,Charlotte Hornets,,Portland Trail Blazers,,,,
Thu Feb 8 2018,7:30 pm,New York Knicks,,Toronto Raptors,,,,
Thu Feb 8 2018,8:00 pm,Boston Celtics,,Washington Wizards,,,,
Fri Feb 9 2018,7:30 pm,Cleveland Cavaliers,,Atlanta Hawks,,,,
Fri Feb 9 2018,7:30 pm,Indiana Pacers,,Boston Celtics,,,,
Fri Feb 9 2018,8:00 pm,Minnesota Timberwolves,,Chicago Bulls,,,,
Fri Feb 9 2018,7:00 pm,Los Angeles Clippers,,Detroit Pistons,,,,
Fri Feb 9 2018,8:00 pm,Denver Nuggets,,Houston Rockets,,,,
Fri Feb 9 2018,8:00 pm,Milwaukee Bucks,,Miami Heat,,,,
Fri Feb 9 2018,7:00 pm,New Orleans Pelicans,,Philadelphia 76ers,,,,
Fri Feb 9 2018,10:30 pm,Portland Trail Blazers,,Sacramento Kings,,,,
Fri Feb 9 2018,9:00 pm,Charlotte Hornets,,Utah Jazz,,,,
Sat Feb 10 2018,6:00 pm,New Orleans Pelicans,,Brooklyn Nets,,,,
Sat Feb 10 2018,8:00 pm,Washington Wizards,,Chicago Bulls,,,,
Sat Feb 10 2018,8:30 pm,Los Angeles Lakers,,Dallas Mavericks,,,,
Sat Feb 10 2018,8:30 pm,San Antonio Spurs,,Golden State Warriors,,,,
Sat Feb 10 2018,7:00 pm,Milwaukee Bucks,,Orlando Magic,,,,
Sat Feb 10 2018,7:00 pm,Los Angeles Clippers,,Philadelphia 76ers,,,,
Sat Feb 10 2018,9:00 pm,Denver Nuggets,,Phoenix Suns,,,,
Sun Feb 11 2018,3:30 pm,Detroit Pistons,,Atlanta Hawks,,,,
Sun Feb 11 2018,3:30 pm,Cleveland Cavaliers,,Boston Celtics,,,,
Sun Feb 11 2018,1:00 pm,Toronto Raptors,,Charlotte Hornets,,,,
Sun Feb 11 2018,7:00 pm,Dallas Mavericks,,Houston Rockets,,,,
Sun Feb 11 2018,5:00 pm,New York Knicks,,Indiana Pacers,,,,
Sun Feb 11 2018,7:00 pm,Sacramento Kings,,Minnesota Timberwolves,,,,
Sun Feb 11 2018,7:00 pm,Memphis Grizzlies,,Oklahoma City Thunder,,,,
Sun Feb 11 2018,9:00 pm,Utah Jazz,,Portland Trail Blazers,,,,
Mon Feb 12 2018,7:30 pm,Los Angeles Clippers,,Brooklyn Nets,,,,
Mon Feb 12 2018,8:00 pm,Orlando Magic,,Chicago Bulls,,,,
Mon Feb 12 2018,7:00 pm,New Orleans Pelicans,,Detroit Pistons,,,,
Mon Feb 12 2018,10:30 pm,Phoenix Suns,,Golden State Warriors,,,,
Mon Feb 12 2018,7:00 pm,New York Knicks,,Philadelphia 76ers,,,,
Mon Feb 12 2018,9:00 pm,San Antonio Spurs,,Utah Jazz,,,,
Tue Feb 13 2018,8:30 pm,Sacramento Kings,,Dallas Mavericks,,,,
Tue Feb 13 2018,10:30 pm,San Antonio Spurs,,Denver Nuggets,,,,
Tue Feb 13 2018,8:00 pm,Atlanta Hawks,,Milwaukee Bucks,,,,
Tue Feb 13 2018,8:00 pm,Houston Rockets,,Minnesota Timberwolves,,,,
Tue Feb 13 2018,8:00 pm,Cleveland Cavaliers,,Oklahoma City Thunder,,,,
Tue Feb 13 2018,7:00 pm,Miami Heat,,Toronto Raptors,,,,
Wed Feb 14 2018,8:00 pm,Los Angeles Clippers,,Boston Celtics,,,,
Wed Feb 14 2018,7:30 pm,Indiana Pacers,,Brooklyn Nets,,,,
Wed Feb 14 2018,8:00 pm,Toronto Raptors,,Chicago Bulls,,,,
Wed Feb 14 2018,7:00 pm,Atlanta Hawks,,Detroit Pistons,,,,
Wed Feb 14 2018,8:00 pm,Sacramento Kings,,Houston Rockets,,,,
Wed Feb 14 2018,8:00 pm,Oklahoma City Thunder,,Memphis Grizzlies,,,,
Wed Feb 14 2018,8:00 pm,Los Angeles Lakers,,New Orleans Pelicans,,,,
Wed Feb 14 2018,7:30 pm,Washington Wizards,,New York Knicks,,,,
Wed Feb 14 2018,7:00 pm,Charlotte Hornets,,Orlando Magic,,,,
Wed Feb 14 2018,7:00 pm,Miami Heat,,Philadelphia 76ers,,,,
Wed Feb 14 2018,10:30 pm,Golden State Warriors,,Portland Trail Blazers,,,,
Wed Feb 14 2018,9:00 pm,Phoenix Suns,,Utah Jazz,,,,
Thu Feb 15 2018,8:00 pm,Denver Nuggets,,Milwaukee Bucks,,,,
Thu Feb 15 2018,9:00 pm,Los Angeles Lakers,,Minnesota Timberwolves,,,,
Thu Feb 22 2018,8:00 pm,Philadelphia 76ers,,Chicago Bulls,,,,
Thu Feb 22 2018,7:00 pm,Brooklyn Nets,,Charlotte Hornets,,,,
Thu Feb 22 2018,8:00 pm,Washington Wizards,,Cleveland Cavaliers,,,,
Thu Feb 22 2018,10:30 pm,Los Angeles Clippers,,Golden State Warriors,,,,
Thu Feb 22 2018,7:00 pm,New York Knicks,,Orlando Magic,,,,
Thu Feb 22 2018,10:00 pm,Oklahoma City Thunder,,Sacramento Kings,,,,
Fri Feb 23 2018,9:00 pm,San Antonio Spurs,,Denver Nuggets,,,,
Fri Feb 23 2018,7:00 pm,Boston Celtics,,Detroit Pistons,,,,
Fri Feb 23 2018,8:00 pm,Minnesota Timberwolves,,Houston Rockets,,,,
Fri Feb 23 2018,7:00 pm,Atlanta Hawks,,Indiana Pacers,,,,
Fri Feb 23 2018,10:30 pm,Dallas Mavericks,,Los Angeles Lakers,,,,
Fri Feb 23 2018,8:00 pm,Cleveland Cavaliers,,Memphis Grizzlies,,,,
Fri Feb 23 2018,8:00 pm,Miami Heat,,New Orleans Pelicans,,,,
Fri Feb 23 2018,9:00 pm,Los Angeles Clippers,,Phoenix Suns,,,,
Fri Feb 23 2018,7:30 pm,Milwaukee Bucks,,Toronto Raptors,,,,
Fri Feb 23 2018,9:00 pm,Portland Trail Blazers,,Utah Jazz,,,,
Fri Feb 23 2018,7:00 pm,Charlotte Hornets,,Washington Wizards,,,,
Sat Feb 24 2018,8:30 pm,Oklahoma City Thunder,,Golden State Warriors,,,,
Sat Feb 24 2018,7:30 pm,Memphis Grizzlies,,Miami Heat,,,,
Sat Feb 24 2018,9:00 pm,Chicago Bulls,,Minnesota Timberwolves,,,,
Sat Feb 24 2018,7:30 pm,Boston Celtics,,New York Knicks,,,,
Sat Feb 24 2018,5:00 pm,Orlando Magic,,Philadelphia 76ers,,,,
Sat Feb 24 2018,9:00 pm,Portland Trail Blazers,,Phoenix Suns,,,,
Sat Feb 24 2018,10:00 pm,Los Angeles Lakers,,Sacramento Kings,,,,
Sat Feb 24 2018,9:00 pm,Dallas Mavericks,,Utah Jazz,,,,
Sun Feb 25 2018,1:00 pm,Detroit Pistons,,Charlotte Hornets,,,,
Sun Feb 25 2018,3:30 pm,San Antonio Spurs,,Cleveland Cavaliers,,,,
Sun Feb 25 2018,8:00 pm,Houston Rockets,,Denver Nuggets,,,,
Sun Feb 25 2018,3:00 pm,New Orleans Pelicans,,Milwaukee Bucks,,,,
Sun Feb 25 2018,8:00 pm,Philadelphia 76ers,,Washington Wizards,,,,
Mon Feb 26 2018,7:30 pm,Los Angeles Lakers,,Atlanta Hawks,,,,
Mon Feb 26 2018,7:30 pm,Memphis Grizzlies,,Boston Celtics,,,,
Mon Feb 26 2018,7:30 pm,Chicago Bulls,,Brooklyn Nets,,,,
Mon Feb 26 2018,8:30 pm,Indiana Pacers,,Dallas Mavericks,,,,
Mon Feb 26 2018,8:00 pm,Phoenix Suns,,New Orleans Pelicans,,,,
Mon Feb 26 2018,7:30 pm,Golden State Warriors,,New York Knicks,,,,
Mon Feb 26 2018,8:00 pm,Orlando Magic,,Oklahoma City Thunder,,,,
Mon Feb 26 2018,10:00 pm,Minnesota Timberwolves,,Sacramento Kings,,,,
Mon Feb 26 2018,7:30 pm,Detroit Pistons,,Toronto Raptors,,,,
Mon Feb 26 2018,9:00 pm,Houston Rockets,,Utah Jazz,,,,
Tue Feb 27 2018,7:00 pm,Chicago Bulls,,Charlotte Hornets,,,,
Tue Feb 27 2018,7:00 pm,Brooklyn Nets,,Cleveland Cavaliers,,,,
Tue Feb 27 2018,10:30 pm,Los Angeles Clippers,,Denver Nuggets,,,,
Tue Feb 27 2018,7:30 pm,Philadelphia 76ers,,Miami Heat,,,,
Tue Feb 27 2018,8:00 pm,Washington Wizards,,Milwaukee Bucks,,,,
Tue Feb 27 2018,10:00 pm,Sacramento Kings,,Portland Trail Blazers,,,,
Wed Feb 28 2018,7:30 pm,Indiana Pacers,,Atlanta Hawks,,,,
Wed Feb 28 2018,7:30 pm,Charlotte Hornets,,Boston Celtics,,,,
Wed Feb 28 2018,8:30 pm,Oklahoma City Thunder,,Dallas Mavericks,,,,
Wed Feb 28 2018,7:00 pm,Milwaukee Bucks,,Detroit Pistons,,,,
Wed Feb 28 2018,10:30 pm,Houston Rockets,,Los Angeles Clippers,,,,
Wed Feb 28 2018,8:00 pm,Phoenix Suns,,Memphis Grizzlies,,,,
Wed Feb 28 2018,7:00 pm,Toronto Raptors,,Orlando Magic,,,,
Wed Feb 28 2018,8:30 pm,New Orleans Pelicans,,San Antonio Spurs,,,,
Wed Feb 28 2018,8:00 pm,Golden State Warriors,,Washington Wizards,,,,
Thu Mar 1 2018,8:00 pm,Philadelphia 76ers,,Cleveland Cavaliers,,,,
Thu Mar 1 2018,7:30 pm,Los Angeles Lakers,,Miami Heat,,,,
Thu Mar 1 2018,10:30 pm,Minnesota Timberwolves,,Portland Trail Blazers,,,,
Thu Mar 1 2018,10:00 pm,Brooklyn Nets,,Sacramento Kings,,,,
Fri Mar 2 2018,7:30 pm,Golden State Warriors,,Atlanta Hawks,,,,
Fri Mar 2 2018,8:00 pm,Dallas Mavericks,,Chicago Bulls,,,,
Fri Mar 2 2018,10:30 pm,New York Knicks,,Los Angeles Clippers,,,,
Fri Mar 2 2018,8:00 pm,Denver Nuggets,,Memphis Grizzlies,,,,
Fri Mar 2 2018,8:00 pm,Indiana Pacers,,Milwaukee Bucks,,,,
Fri Mar 2 2018,7:00 pm,Detroit Pistons,,Orlando Magic,,,,
Fri Mar 2 2018,7:00 pm,Charlotte Hornets,,Philadelphia 76ers,,,,
Fri Mar 2 2018,9:00 pm,Oklahoma City Thunder,,Phoenix Suns,,,,
Fri Mar 2 2018,10:30 pm,Minnesota Timberwolves,,Utah Jazz,,,,
Fri Mar 2 2018,8:00 pm,Toronto Raptors,,Washington Wizards,,,,
Sat Mar 3 2018,7:30 pm,Denver Nuggets,,Cleveland Cavaliers,,,,
Sat Mar 3 2018,8:30 pm,Boston Celtics,,Houston Rockets,,,,
Sat Mar 3 2018,7:30 pm,Detroit Pistons,,Miami Heat,,,,
Sat Mar 3 2018,7:00 pm,Memphis Grizzlies,,Orlando Magic,,,,
Sat Mar 3 2018,10:00 pm,Oklahoma City Thunder,,Portland Trail Blazers,,,,
Sat Mar 3 2018,10:00 pm,Utah Jazz,,Sacramento Kings,,,,
Sat Mar 3 2018,9:00 pm,Los Angeles Lakers,,San Antonio Spurs,,,,
Sun Mar 4 2018,3:30 pm,Phoenix Suns,,Atlanta Hawks,,,,
Sun Mar 4 2018,7:00 pm,New Orleans Pelicans,,Dallas Mavericks,,,,
Sun Mar 4 2018,9:00 pm,Brooklyn Nets,,Los Angeles Clippers,,,,
Sun Mar 4 2018,8:00 pm,Philadelphia 76ers,,Milwaukee Bucks,,,,
Sun Mar 4 2018,9:00 pm,New York Knicks,,Sacramento Kings,,,,
Sun Mar 4 2018,6:00 pm,Charlotte Hornets,,Toronto Raptors,,,,
Sun Mar 4 2018,6:00 pm,Indiana Pacers,,Washington Wizards,,,,
Mon Mar 5 2018,8:00 pm,Boston Celtics,,Chicago Bulls,,,,
Mon Mar 5 2018,7:00 pm,Detroit Pistons,,Cleveland Cavaliers,,,,
Mon Mar 5 2018,7:00 pm,Milwaukee Bucks,,Indiana Pacers,,,,
Mon Mar 5 2018,10:30 pm,Portland Trail Blazers,,Los Angeles Lakers,,,,
Mon Mar 5 2018,7:30 pm,Phoenix Suns,,Miami Heat,,,,
Mon Mar 5 2018,8:30 pm,Memphis Grizzlies,,San Antonio Spurs,,,,
Mon Mar 5 2018,9:00 pm,Orlando Magic,,Utah Jazz,,,,
Tue Mar 6 2018,7:00 pm,Philadelphia 76ers,,Charlotte Hornets,,,,
Tue Mar 6 2018,8:30 pm,Denver Nuggets,,Dallas Mavericks,,,,
Tue Mar 6 2018,10:30 pm,Brooklyn Nets,,Golden State Warriors,,,,
Tue Mar 6 2018,10:30 pm,New Orleans Pelicans,,Los Angeles Clippers,,,,
Tue Mar 6 2018,8:00 pm,Houston Rockets,,Oklahoma City Thunder,,,,
Tue Mar 6 2018,10:00 pm,New York Knicks,,Portland Trail Blazers,,,,
Tue Mar 6 2018,7:00 pm,Atlanta Hawks,,Toronto Raptors,,,,
Tue Mar 6 2018,7:00 pm,Miami Heat,,Washington Wizards,,,,
Wed Mar 7 2018,8:00 pm,Memphis Grizzlies,,Chicago Bulls,,,,
Wed Mar 7 2018,10:30 pm,Cleveland Cavaliers,,Denver Nuggets,,,,
Wed Mar 7 2018,8:00 pm,Toronto Raptors,,Detroit Pistons,,,,
Wed Mar 7 2018,7:00 pm,Utah Jazz,,Indiana Pacers,,,,
Wed Mar 7 2018,10:30 pm,Orlando Magic,,Los Angeles Lakers,,,,
Wed Mar 7 2018,8:00 pm,Houston Rockets,,Milwaukee Bucks,,,,
Wed Mar 7 2018,10:00 pm,New Orleans Pelicans,,Sacramento Kings,,,,
Thu Mar 8 2018,7:00 pm,Brooklyn Nets,,Charlotte Hornets,,,,
Thu Mar 8 2018,10:30 pm,San Antonio Spurs,,Golden State Warriors,,,,
Thu Mar 8 2018,7:30 pm,Philadelphia 76ers,,Miami Heat,,,,
Thu Mar 8 2018,8:00 pm,Boston Celtics,,Minnesota Timberwolves,,,,
Thu Mar 8 2018,8:00 pm,Phoenix Suns,,Oklahoma City Thunder,,,,
Fri Mar 9 2018,9:00 pm,Los Angeles Lakers,,Denver Nuggets,,,,
Fri Mar 9 2018,7:00 pm,Chicago Bulls,,Detroit Pistons,,,,
Fri Mar 9 2018,7:00 pm,Atlanta Hawks,,Indiana Pacers,,,,
Fri Mar 9 2018,10:30 pm,Cleveland Cavaliers,,Los Angeles Clippers,,,,
Fri Mar 9 2018,8:00 pm,Utah Jazz,,Memphis Grizzlies,,,,
Fri Mar 9 2018,8:00 pm,New York Knicks,,Milwaukee Bucks,,,,
Fri Mar 9 2018,8:00 pm,Washington Wizards,,New Orleans Pelicans,,,,
Fri Mar 9 2018,10:00 pm,Golden State Warriors,,Portland Trail Blazers,,,,
Fri Mar 9 2018,10:00 pm,Orlando Magic,,Sacramento Kings,,,,
Fri Mar 9 2018,7:30 pm,Houston Rockets,,Toronto Raptors,,,,
Sat Mar 10 2018,5:00 pm,Phoenix Suns,,Charlotte Hornets,,,,
Sat Mar 10 2018,8:30 pm,Memphis Grizzlies,,Dallas Mavericks,,,,
Sat Mar 10 2018,10:30 pm,Orlando Magic,,Los Angeles Clippers,,,,
Sat Mar 10 2018,7:30 pm,Washington Wizards,,Miami Heat,,,,
Sat Mar 10 2018,8:30 pm,San Antonio Spurs,,Oklahoma City Thunder,,,,
Sun Mar 11 2018,3:30 pm,Chicago Bulls,,Atlanta Hawks,,,,
Sun Mar 11 2018,7:30 pm,Indiana Pacers,,Boston Celtics,,,,
Sun Mar 11 2018,7:30 pm,Philadelphia 76ers,,Brooklyn Nets,,,,
Sun Mar 11 2018,7:00 pm,Houston Rockets,,Dallas Mavericks,,,,
Sun Mar 11 2018,5:00 pm,Sacramento Kings,,Denver Nuggets,,,,
Sun Mar 11 2018,9:00 pm,Cleveland Cavaliers,,Los Angeles Lakers,,,,
Sun Mar 11 2018,3:30 pm,Golden State Warriors,,Minnesota Timberwolves,,,,
Sun Mar 11 2018,4:00 pm,Utah Jazz,,New Orleans Pelicans,,,,
Sun Mar 11 2018,1:00 pm,Toronto Raptors,,New York Knicks,,,,
Mon Mar 12 2018,8:00 pm,San Antonio Spurs,,Houston Rockets,,,,
Mon Mar 12 2018,8:00 pm,Milwaukee Bucks,,Memphis Grizzlies,,,,
Mon Mar 12 2018,8:00 pm,Sacramento Kings,,Oklahoma City Thunder,,,,
Mon Mar 12 2018,10:30 pm,Miami Heat,,Portland Trail Blazers,,,,
Tue Mar 13 2018,7:30 pm,Oklahoma City Thunder,,Atlanta Hawks,,,,
Tue Mar 13 2018,7:30 pm,Toronto Raptors,,Brooklyn Nets,,,,
Tue Mar 13 2018,8:00 pm,Los Angeles Clippers,,Chicago Bulls,,,,
Tue Mar 13 2018,10:30 pm,Denver Nuggets,,Los Angeles Lakers,,,,
Tue Mar 13 2018,8:00 pm,Charlotte Hornets,,New Orleans Pelicans,,,,
Tue Mar 13 2018,7:30 pm,Dallas Mavericks,,New York Knicks,,,,
Tue Mar 13 2018,7:00 pm,Indiana Pacers,,Philadelphia 76ers,,,,
Tue Mar 13 2018,10:00 pm,Cleveland Cavaliers,,Phoenix Suns,,,,
Tue Mar 13 2018,8:30 pm,Orlando Magic,,San Antonio Spurs,,,,
Tue Mar 13 2018,9:00 pm,Detroit Pistons,,Utah Jazz,,,,
Tue Mar 13 2018,7:00 pm,Minnesota Timberwolves,,Washington Wizards,,,,
Wed Mar 14 2018,8:00 pm,Washington Wizards,,Boston Celtics,,,,
Wed Mar 14 2018,10:30 pm,Los Angeles Lakers,,Golden State Warriors,,,,
Wed Mar 14 2018,7:00 pm,Milwaukee Bucks,,Orlando Magic,,,,
Wed Mar 14 2018,10:00 pm,Miami Heat,,Sacramento Kings,,,,
Thu Mar 15 2018,7:30 pm,Charlotte Hornets,,Atlanta Hawks,,,,
Thu Mar 15 2018,9:00 pm,Detroit Pistons,,Denver Nuggets,,,,
Thu Mar 15 2018,8:00 pm,Los Angeles Clippers,,Houston Rockets,,,,
Thu Mar 15 2018,7:00 pm,Toronto Raptors,,Indiana Pacers,,,,
Thu Mar 15 2018,8:00 pm,Chicago Bulls,,Memphis Grizzlies,,,,
Thu Mar 15 2018,7:30 pm,Philadelphia 76ers,,New York Knicks,,,,
Thu Mar 15 2018,10:00 pm,Cleveland Cavaliers,,Portland Trail Blazers,,,,
Thu Mar 15 2018,8:30 pm,New Orleans Pelicans,,San Antonio Spurs,,,,
Thu Mar 15 2018,9:00 pm,Phoenix Suns,,Utah Jazz,,,,
Fri Mar 16 2018,10:30 pm,Sacramento Kings,,Golden State Warriors,,,,
Fri Mar 16 2018,10:30 pm,Miami Heat,,Los Angeles Lakers,,,,
Fri Mar 16 2018,8:00 pm,Los Angeles Clippers,,Oklahoma City Thunder,,,,
Fri Mar 16 2018,7:00 pm,Boston Celtics,,Orlando Magic,,,,
Fri Mar 16 2018,7:00 pm,Brooklyn Nets,,Philadelphia 76ers,,,,
Fri Mar 16 2018,7:30 pm,Dallas Mavericks,,Toronto Raptors,,,,
Sat Mar 17 2018,7:30 pm,Dallas Mavericks,,Brooklyn Nets,,,,
Sat Mar 17 2018,8:00 pm,Cleveland Cavaliers,,Chicago Bulls,,,,
Sat Mar 17 2018,8:00 pm,Denver Nuggets,,Memphis Grizzlies,,,,
Sat Mar 17 2018,8:30 pm,Atlanta Hawks,,Milwaukee Bucks,,,,
Sat Mar 17 2018,7:00 pm,Houston Rockets,,New Orleans Pelicans,,,,
Sat Mar 17 2018,7:30 pm,Charlotte Hornets,,New York Knicks,,,,
Sat Mar 17 2018,10:00 pm,Golden State Warriors,,Phoenix Suns,,,,
Sat Mar 17 2018,10:00 pm,Detroit Pistons,,Portland Trail Blazers,,,,
Sat Mar 17 2018,8:30 pm,Minnesota Timberwolves,,San Antonio Spurs,,,,
Sat Mar 17 2018,9:00 pm,Sacramento Kings,,Utah Jazz,,,,
Sat Mar 17 2018,7:00 pm,Indiana Pacers,,Washington Wizards,,,,
Sun Mar 18 2018,10:30 pm,Portland Trail Blazers,,Los Angeles Clippers,,,,
Sun Mar 18 2018,7:00 pm,Houston Rockets,,Minnesota Timberwolves,,,,
Sun Mar 18 2018,6:00 pm,Boston Celtics,,New Orleans Pelicans,,,,
Sun Mar 18 2018,1:00 pm,Oklahoma City Thunder,,Toronto Raptors,,,,
Mon Mar 19 2018,7:30 pm,Memphis Grizzlies,,Brooklyn Nets,,,,
Mon Mar 19 2018,7:00 pm,Milwaukee Bucks,,Cleveland Cavaliers,,,,
Mon Mar 19 2018,7:00 pm,Los Angeles Lakers,,Indiana Pacers,,,,
Mon Mar 19 2018,7:30 pm,Denver Nuggets,,Miami Heat,,,,
Mon Mar 19 2018,7:30 pm,Chicago Bulls,,New York Knicks,,,,
Mon Mar 19 2018,7:00 pm,Charlotte Hornets,,Philadelphia 76ers,,,,
Mon Mar 19 2018,10:00 pm,Detroit Pistons,,Sacramento Kings,,,,
Mon Mar 19 2018,9:30 pm,Golden State Warriors,,San Antonio Spurs,,,,
Tue Mar 20 2018,8:00 pm,Oklahoma City Thunder,,Boston Celtics,,,,
Tue Mar 20 2018,8:00 pm,Los Angeles Clippers,,Minnesota Timberwolves,,,,
Tue Mar 20 2018,8:00 pm,Dallas Mavericks,,New Orleans Pelicans,,,,
Tue Mar 20 2018,7:00 pm,Toronto Raptors,,Orlando Magic,,,,
Tue Mar 20 2018,10:00 pm,Detroit Pistons,,Phoenix Suns,,,,
Tue Mar 20 2018,10:30 pm,Houston Rockets,,Portland Trail Blazers,,,,
Tue Mar 20 2018,9:00 pm,Atlanta Hawks,,Utah Jazz,,,,
Wed Mar 21 2018,7:30 pm,Charlotte Hornets,,Brooklyn Nets,,,,
Wed Mar 21 2018,8:00 pm,Denver Nuggets,,Chicago Bulls,,,,
Wed Mar 21 2018,7:00 pm,Toronto Raptors,,Cleveland Cavaliers,,,,
Wed Mar 21 2018,7:30 pm,New York Knicks,,Miami Heat,,,,
Wed Mar 21 2018,8:00 pm,Los Angeles Clippers,,Milwaukee Bucks,,,,
Wed Mar 21 2018,7:00 pm,Memphis Grizzlies,,Philadelphia 76ers,,,,
Wed Mar 21 2018,9:30 pm,Washington Wizards,,San Antonio Spurs,,,,
Thu Mar 22 2018,7:00 pm,Memphis Grizzlies,,Charlotte Hornets,,,,
Thu Mar 22 2018,8:30 pm,Utah Jazz,,Dallas Mavericks,,,,
Thu Mar 22 2018,8:00 pm,Detroit Pistons,,Houston Rockets,,,,
Thu Mar 22 2018,8:00 pm,Los Angeles Lakers,,New Orleans Pelicans,,,,
Thu Mar 22 2018,7:00 pm,Philadelphia 76ers,,Orlando Magic,,,,
Thu Mar 22 2018,10:00 pm,Atlanta Hawks,,Sacramento Kings,,,,
Fri Mar 23 2018,8:00 pm,Milwaukee Bucks,,Chicago Bulls,,,,
Fri Mar 23 2018,7:30 pm,Phoenix Suns,,Cleveland Cavaliers,,,,
Fri Mar 23 2018,10:30 pm,Atlanta Hawks,,Golden State Warriors,,,,
Fri Mar 23 2018,7:00 pm,Los Angeles Clippers,,Indiana Pacers,,,,
Fri Mar 23 2018,7:30 pm,Minnesota Timberwolves,,New York Knicks,,,,
Fri Mar 23 2018,8:00 pm,Miami Heat,,Oklahoma City Thunder,,,,
Fri Mar 23 2018,10:00 pm,Boston Celtics,,Portland Trail Blazers,,,,
Fri Mar 23 2018,8:30 pm,Utah Jazz,,San Antonio Spurs,,,,
Fri Mar 23 2018,7:30 pm,Brooklyn Nets,,Toronto Raptors,,,,
Fri Mar 23 2018,7:00 pm,Denver Nuggets,,Washington Wizards,,,,
Sat Mar 24 2018,8:30 pm,Charlotte Hornets,,Dallas Mavericks,,,,
Sat Mar 24 2018,7:00 pm,Chicago Bulls,,Detroit Pistons,,,,
Sat Mar 24 2018,8:00 pm,New Orleans Pelicans,,Houston Rockets,,,,
Sat Mar 24 2018,8:00 pm,Los Angeles Lakers,,Memphis Grizzlies,,,,
Sat Mar 24 2018,7:00 pm,Phoenix Suns,,Orlando Magic,,,,
Sat Mar 24 2018,6:00 pm,Minnesota Timberwolves,,Philadelphia 76ers,,,,
Sun Mar 25 2018,1:00 pm,Cleveland Cavaliers,,Brooklyn Nets,,,,
Sun Mar 25 2018,8:30 pm,Utah Jazz,,Golden State Warriors,,,,
Sun Mar 25 2018,8:00 pm,Atlanta Hawks,,Houston Rockets,,,,
Sun Mar 25 2018,5:00 pm,Miami Heat,,Indiana Pacers,,,,
Sun Mar 25 2018,3:30 pm,San Antonio Spurs,,Milwaukee Bucks,,,,
Sun Mar 25 2018,7:00 pm,Portland Trail Blazers,,Oklahoma City Thunder,,,,
Sun Mar 25 2018,6:00 pm,Boston Celtics,,Sacramento Kings,,,,
Sun Mar 25 2018,6:00 pm,Los Angeles Clippers,,Toronto Raptors,,,,
Sun Mar 25 2018,6:00 pm,New York Knicks,,Washington Wizards,,,,
Mon Mar 26 2018,7:00 pm,New York Knicks,,Charlotte Hornets,,,,
Mon Mar 26 2018,7:00 pm,Los Angeles Lakers,,Detroit Pistons,,,,
Mon Mar 26 2018,8:00 pm,Memphis Grizzlies,,Minnesota Timberwolves,,,,
Mon Mar 26 2018,7:00 pm,Denver Nuggets,,Philadelphia 76ers,,,,
Mon Mar 26 2018,10:00 pm,Boston Celtics,,Phoenix Suns,,,,
Tue Mar 27 2018,10:30 pm,Indiana Pacers,,Golden State Warriors,,,,
Tue Mar 27 2018,8:00 pm,Chicago Bulls,,Houston Rockets,,,,
Tue Mar 27 2018,10:30 pm,Milwaukee Bucks,,Los Angeles Clippers,,,,
Tue Mar 27 2018,8:00 pm,Cleveland Cavaliers,,Miami Heat,,,,
Tue Mar 27 2018,8:00 pm,Portland Trail Blazers,,New Orleans Pelicans,,,,
Tue Mar 27 2018,10:00 pm,Dallas Mavericks,,Sacramento Kings,,,,
Tue Mar 27 2018,7:30 pm,Denver Nuggets,,Toronto Raptors,,,,
Tue Mar 27 2018,7:00 pm,San Antonio Spurs,,Washington Wizards,,,,
Wed Mar 28 2018,7:00 pm,Cleveland Cavaliers,,Charlotte Hornets,,,,
Wed Mar 28 2018,10:30 pm,Dallas Mavericks,,Los Angeles Lakers,,,,
Wed Mar 28 2018,8:00 pm,Portland Trail Blazers,,Memphis Grizzlies,,,,
Wed Mar 28 2018,8:00 pm,Atlanta Hawks,,Minnesota Timberwolves,,,,
Wed Mar 28 2018,7:00 pm,Brooklyn Nets,,Orlando Magic,,,,
Wed Mar 28 2018,7:00 pm,New York Knicks,,Philadelphia 76ers,,,,
Wed Mar 28 2018,10:00 pm,Los Angeles Clippers,,Phoenix Suns,,,,
Wed Mar 28 2018,9:30 pm,Boston Celtics,,Utah Jazz,,,,
Thu Mar 29 2018,7:00 pm,Washington Wizards,,Detroit Pistons,,,,
Thu Mar 29 2018,10:30 pm,Milwaukee Bucks,,Golden State Warriors,,,,
Thu Mar 29 2018,7:30 pm,Chicago Bulls,,Miami Heat,,,,
Thu Mar 29 2018,10:00 pm,Indiana Pacers,,Sacramento Kings,,,,
Thu Mar 29 2018,8:00 pm,Oklahoma City Thunder,,San Antonio Spurs,,,,
Fri Mar 30 2018,7:30 pm,Philadelphia 76ers,,Atlanta Hawks,,,,
Fri Mar 30 2018,8:00 pm,New Orleans Pelicans,,Cleveland Cavaliers,,,,
Fri Mar 30 2018,8:30 pm,Minnesota Timberwolves,,Dallas Mavericks,,,,
Fri Mar 30 2018,8:00 pm,Phoenix Suns,,Houston Rockets,,,,
Fri Mar 30 2018,10:30 pm,Milwaukee Bucks,,Los Angeles Lakers,,,,
Fri Mar 30 2018,8:00 pm,Denver Nuggets,,Oklahoma City Thunder,,,,
Fri Mar 30 2018,7:00 pm,Chicago Bulls,,Orlando Magic,,,,
Fri Mar 30 2018,10:30 pm,Los Angeles Clippers,,Portland Trail Blazers,,,,
Fri Mar 30 2018,9:00 pm,Memphis Grizzlies,,Utah Jazz,,,,
Sat Mar 31 2018,7:30 pm,Toronto Raptors,,Boston Celtics,,,,
Sat Mar 31 2018,8:00 pm,Brooklyn Nets,,Miami Heat,,,,
Sat Mar 31 2018,5:00 pm,Detroit Pistons,,New York Knicks,,,,
Sat Mar 31 2018,10:00 pm,Golden State Warriors,,Sacramento Kings,,,,
Sat Mar 31 2018,3:00 pm,Charlotte Hornets,,Washington Wizards,,,,
Sun Apr 1 2018,6:00 pm,Orlando Magic,,Atlanta Hawks,,,,
Sun Apr 1 2018,6:00 pm,Detroit Pistons,,Brooklyn Nets,,,,
Sun Apr 1 2018,3:30 pm,Washington Wizards,,Chicago Bulls,,,,
Sun Apr 1 2018,1:00 pm,Philadelphia 76ers,,Charlotte Hornets,,,,
Sun Apr 1 2018,6:00 pm,Dallas Mavericks,,Cleveland Cavaliers,,,,
Sun Apr 1 2018,8:00 pm,Milwaukee Bucks,,Denver Nuggets,,,,
Sun Apr 1 2018,8:30 pm,Phoenix Suns,,Golden State Warriors,,,,
Sun Apr 1 2018,3:30 pm,Indiana Pacers,,Los Angeles Clippers,,,,
Sun Apr 1 2018,9:30 pm,Sacramento Kings,,Los Angeles Lakers,,,,
Sun Apr 1 2018,7:00 pm,Utah Jazz,,Minnesota Timberwolves,,,,
Sun Apr 1 2018,6:00 pm,Oklahoma City Thunder,,New Orleans Pelicans,,,,
Sun Apr 1 2018,9:00 pm,Memphis Grizzlies,,Portland Trail Blazers,,,,
Sun Apr 1 2018,3:30 pm,Houston Rockets,,San Antonio Spurs,,,,
Tue Apr 3 2018,8:00 pm,Charlotte Hornets,,Chicago Bulls,,,,
Tue Apr 3 2018,7:00 pm,Toronto Raptors,,Cleveland Cavaliers,,,,
Tue Apr 3 2018,8:30 pm,Portland Trail Blazers,,Dallas Mavericks,,,,
Tue Apr 3 2018,9:00 pm,Indiana Pacers,,Denver Nuggets,,,,
Tue Apr 3 2018,8:00 pm,Washington Wizards,,Houston Rockets,,,,
Tue Apr 3 2018,10:30 pm,San Antonio Spurs,,Los Angeles Clippers,,,,
Tue Apr 3 2018,7:30 pm,Atlanta Hawks,,Miami Heat,,,,
Tue Apr 3 2018,8:00 pm,Boston Celtics,,Milwaukee Bucks,,,,
Tue Apr 3 2018,7:30 pm,Orlando Magic,,New York Knicks,,,,
Tue Apr 3 2018,8:00 pm,Golden State Warriors,,Oklahoma City Thunder,,,,
Tue Apr 3 2018,7:00 pm,Brooklyn Nets,,Philadelphia 76ers,,,,
Tue Apr 3 2018,10:00 pm,Sacramento Kings,,Phoenix Suns,,,,
Tue Apr 3 2018,9:00 pm,Los Angeles Lakers,,Utah Jazz,,,,
Wed Apr 4 2018,7:30 pm,Miami Heat,,Atlanta Hawks,,,,
Wed Apr 4 2018,7:00 pm,Philadelphia 76ers,,Detroit Pistons,,,,
Wed Apr 4 2018,10:30 pm,San Antonio Spurs,,Los Angeles Lakers,,,,
Wed Apr 4 2018,9:30 pm,Memphis Grizzlies,,New Orleans Pelicans,,,,
Wed Apr 4 2018,7:00 pm,Dallas Mavericks,,Orlando Magic,,,,
Wed Apr 4 2018,7:00 pm,Boston Celtics,,Toronto Raptors,,,,
Thu Apr 5 2018,8:00 pm,Washington Wizards,,Cleveland Cavaliers,,,,
Thu Apr 5 2018,10:30 pm,Minnesota Timberwolves,,Denver Nuggets,,,,
Thu Apr 5 2018,8:00 pm,Portland Trail Blazers,,Houston Rockets,,,,
Thu Apr 5 2018,7:00 pm,Golden State Warriors,,Indiana Pacers,,,,
Thu Apr 5 2018,8:00 pm,Brooklyn Nets,,Milwaukee Bucks,,,,
Thu Apr 5 2018,9:00 pm,Los Angeles Clippers,,Utah Jazz,,,,
Fri Apr 6 2018,7:30 pm,Chicago Bulls,,Boston Celtics,,,,
Fri Apr 6 2018,7:00 pm,Dallas Mavericks,,Detroit Pistons,,,,
Fri Apr 6 2018,10:30 pm,Minnesota Timberwolves,,Los Angeles Lakers,,,,
Fri Apr 6 2018,8:00 pm,Sacramento Kings,,Memphis Grizzlies,,,,
Fri Apr 6 2018,7:30 pm,Miami Heat,,New York Knicks,,,,
Fri Apr 6 2018,7:00 pm,Charlotte Hornets,,Orlando Magic,,,,
Fri Apr 6 2018,7:00 pm,Cleveland Cavaliers,,Philadelphia 76ers,,,,
Fri Apr 6 2018,10:00 pm,New Orleans Pelicans,,Phoenix Suns,,,,
Fri Apr 6 2018,7:30 pm,Indiana Pacers,,Toronto Raptors,,,,
Fri Apr 6 2018,7:00 pm,Atlanta Hawks,,Washington Wizards,,,,
Sat Apr 7 2018,8:00 pm,Brooklyn Nets,,Chicago Bulls,,,,
Sat Apr 7 2018,8:30 pm,New Orleans Pelicans,,Golden State Warriors,,,,
Sat Apr 7 2018,8:30 pm,Oklahoma City Thunder,,Houston Rockets,,,,
Sat Apr 7 2018,3:30 pm,Denver Nuggets,,Los Angeles Clippers,,,,
Sat Apr 7 2018,7:30 pm,Milwaukee Bucks,,New York Knicks,,,,
Sat Apr 7 2018,9:00 pm,Portland Trail Blazers,,San Antonio Spurs,,,,
Sun Apr 8 2018,7:30 pm,Atlanta Hawks,,Boston Celtics,,,,
Sun Apr 8 2018,1:00 pm,Indiana Pacers,,Charlotte Hornets,,,,
Sun Apr 8 2018,6:00 pm,Utah Jazz,,Los Angeles Lakers,,,,
Sun Apr 8 2018,3:30 pm,Detroit Pistons,,Memphis Grizzlies,,,,
Sun Apr 8 2018,1:00 pm,Dallas Mavericks,,Philadelphia 76ers,,,,
Sun Apr 8 2018,9:00 pm,Golden State Warriors,,Phoenix Suns,,,,
Sun Apr 8 2018,6:00 pm,Orlando Magic,,Toronto Raptors,,,,
Mon Apr 9 2018,7:30 pm,Chicago Bulls,,Brooklyn Nets,,,,
Mon Apr 9 2018,9:00 pm,Portland Trail Blazers,,Denver Nuggets,,,,
Mon Apr 9 2018,7:00 pm,Toronto Raptors,,Detroit Pistons,,,,
Mon Apr 9 2018,10:30 pm,New Orleans Pelicans,,Los Angeles Clippers,,,,
Mon Apr 9 2018,7:30 pm,Oklahoma City Thunder,,Miami Heat,,,,
Mon Apr 9 2018,8:00 pm,Orlando Magic,,Milwaukee Bucks,,,,
Mon Apr 9 2018,8:00 pm,Memphis Grizzlies,,Minnesota Timberwolves,,,,
Mon Apr 9 2018,7:30 pm,Cleveland Cavaliers,,New York Knicks,,,,
Mon Apr 9 2018,8:30 pm,Sacramento Kings,,San Antonio Spurs,,,,
Tue Apr 10 2018,7:30 pm,Philadelphia 76ers,,Atlanta Hawks,,,,
Tue Apr 10 2018,8:30 pm,Phoenix Suns,,Dallas Mavericks,,,,
Tue Apr 10 2018,7:00 pm,Charlotte Hornets,,Indiana Pacers,,,,
Tue Apr 10 2018,10:30 pm,Houston Rockets,,Los Angeles Lakers,,,,
Tue Apr 10 2018,9:00 pm,Golden State Warriors,,Utah Jazz,,,,
Tue Apr 10 2018,8:00 pm,Boston Celtics,,Washington Wizards,,,,
Wed Apr 11 2018,8:00 pm,Brooklyn Nets,,Boston Celtics,,,,
Wed Apr 11 2018,8:00 pm,Detroit Pistons,,Chicago Bulls,,,,
Wed Apr 11 2018,8:00 pm,New York Knicks,,Cleveland Cavaliers,,,,
Wed Apr 11 2018,10:30 pm,Los Angeles Lakers,,Los Angeles Clippers,,,,
Wed Apr 11 2018,8:00 pm,Toronto Raptors,,Miami Heat,,,,
Wed Apr 11 2018,8:00 pm,Denver Nuggets,,Minnesota Timberwolves,,,,
Wed Apr 11 2018,8:00 pm,San Antonio Spurs,,New Orleans Pelicans,,,,
Wed Apr 11 2018,8:00 pm,Memphis Grizzlies,,Oklahoma City Thunder,,,,
Wed Apr 11 2018,8:00 pm,Washington Wizards,,Orlando Magic,,,,
Wed Apr 11 2018,8:00 pm,Milwaukee Bucks,,Philadelphia 76ers,,,,
Wed Apr 11 2018,10:30 pm,Utah Jazz,,Portland Trail Blazers,,,,
Wed Apr 11 2018,10:30 pm,Houston Rockets,,Sacramento Kings,,,,
